date,cash,market_value,static_unit_net_value,total_value,unit_net_value,units
2015-06-01,300582.914,698858.0,1.0,999440.914,0.999441,1000000.0
2015-06-02,300582.914,696048.0,0.999,996630.914,0.996631,1000000.0
2015-06-03,300582.914,703232.0,0.997,1003814.914,1.003815,1000000.0
2015-06-04,300582.914,730682.0,1.004,1031264.914,1.031265,1000000.0
2015-06-05,300582.914,723714.0,1.031,1024296.914,1.024297,1000000.0
2015-06-08,300582.914,766884.0,1.024,1067466.914,1.067467,1000000.0
2015-06-09,300582.914,753970.0,1.067,1054552.914,1.054553,1000000.0
2015-06-10,300582.914,740734.0,1.055,1041316.914,1.041317,1000000.0
2015-06-11,300582.914,733288.0,1.041,1033870.914,1.033871,1000000.0
2015-06-12,300582.914,733700.0,1.034,1034282.914,1.034283,1000000.0
2015-06-15,300582.914,706588.0,1.034,1007170.914,1.007171,1000000.0
2015-06-16,300582.914,695570.0,1.007,996152.914,0.996153,1000000.0
2015-06-17,300582.914,699880.0,0.996,1000462.914,1.000463,1000000.0
2015-06-18,300582.914,682106.0,1.0,982688.914,0.982689,1000000.0
2015-06-19,300582.914,650182.0,0.983,950764.914,0.950765,1000000.0
2015-06-23,300582.914,669452.0,0.951,970034.914,0.970035,1000000.0
2015-06-24,300582.914,675426.0,0.97,976008.914,0.976009,1000000.0
2015-06-25,300582.914,662382.0,0.976,962964.914,0.962965,1000000.0
2015-06-26,300582.914,616818.0,0.963,917400.914,0.917401,1000000.0
2015-06-29,300582.914,610542.0,0.917,911124.914,0.911125,1000000.0
2015-06-30,300582.914,654988.0,0.911,955570.914,0.955571,1000000.0
2015-07-01,300582.914,630114.0,0.956,930696.914,0.930697,1000000.0
2015-07-02,300582.914,629440.0,0.931,930022.914,0.930023,1000000.0
2015-07-03,307684.914,597064.0,0.93,904748.914,0.904749,1000000.0
2015-07-06,307684.914,635324.0,0.905,943008.914,0.943009,1000000.0
2015-07-07,307684.914,674236.0,0.943,981920.914,0.981921,1000000.0
2015-07-08,307684.914,609312.0,0.982,916996.914,0.916997,1000000.0
2015-07-09,307684.914,649164.0,0.917,956848.914,0.956849,1000000.0
2015-07-10,307684.914,667898.0,0.957,975582.914,0.975583,1000000.0
2015-07-13,307684.914,647502.0,0.976,955186.914,0.955187,1000000.0
2015-07-14,307684.914,624940.0,0.955,932624.914,0.932625,1000000.0
2015-07-15,307684.914,622300.0,0.933,929984.914,0.929985,1000000.0
2015-07-16,307684.914,619430.0,0.93,927114.914,0.927115,1000000.0
2015-07-17,307684.914,628564.0,0.927,936248.914,0.936249,1000000.0
2015-07-20,307684.914,622504.0,0.936,930188.914,0.930189,1000000.0
2015-07-21,307684.914,617746.0,0.93,925430.914,0.925431,1000000.0
2015-07-22,307684.914,613738.0,0.925,921422.914,0.921423,1000000.0
2015-07-23,307684.914,619402.0,0.921,927086.914,0.927087,1000000.0
2015-07-24,307684.914,609872.0,0.927,917556.914,0.917557,1000000.0
2015-07-27,307684.914,567636.0,0.918,875320.914,0.875321,1000000.0
2015-07-28,307684.914,576892.0,0.875,884576.914,0.884577,1000000.0
2015-07-29,307684.914,577536.0,0.885,885220.914,0.885221,1000000.0
2015-07-30,307684.914,564952.0,0.885,872636.914,0.872637,1000000.0
2015-07-31,307684.914,571484.0,0.873,879168.914,0.879169,1000000.0
2015-08-03,307684.914,594302.0,0.879,901986.914,0.901987,1000000.0
2015-08-04,307684.914,596194.0,0.902,903878.914,0.903879,1000000.0
2015-08-05,307684.914,585172.0,0.904,892856.914,0.892857,1000000.0
2015-08-06,307684.914,585514.0,0.893,893198.914,0.893199,1000000.0
2015-08-07,307684.914,589828.0,0.893,897512.914,0.897513,1000000.0
2015-08-10,307684.914,603060.0,0.898,910744.914,0.910745,1000000.0
2015-08-11,307684.914,596096.0,0.911,903780.914,0.903781,1000000.0
2015-08-12,307684.914,584438.0,0.904,892122.914,0.892123,1000000.0
2015-08-13,307684.914,583908.0,0.892,891592.914,0.891593,1000000.0
2015-08-14,307684.914,584940.0,0.892,892624.914,0.892625,1000000.0
2015-08-17,307684.914,577454.0,0.893,885138.914,0.885139,1000000.0
2015-08-18,307684.914,563358.0,0.885,871042.914,0.871043,1000000.0
2015-08-19,307684.914,565600.0,0.871,873284.914,0.873285,1000000.0
2015-08-20,307684.914,556556.0,0.873,864240.914,0.864241,1000000.0
2015-08-21,307684.914,536424.0,0.864,844108.914,0.844109,1000000.0
2015-08-24,307684.914,483778.0,0.844,791462.914,0.791463,1000000.0
2015-08-25,307684.914,452970.0,0.791,760654.914,0.760655,1000000.0
2015-08-26,307684.914,481728.0,0.761,789412.914,0.789413,1000000.0
2015-08-27,307684.914,525998.0,0.789,833682.914,0.833683,1000000.0
2015-08-28,307684.914,523442.0,0.834,831126.914,0.831127,1000000.0
2015-08-31,307684.914,528328.0,0.831,836012.914,0.836013,1000000.0
2015-09-01,307684.914,541802.0,0.836,849486.914,0.849487,1000000.0
2015-09-02,307684.914,549538.0,0.849,857222.914,0.857223,1000000.0
2015-09-07,307684.914,513242.0,0.857,820926.914,0.820927,1000000.0
2015-09-08,307684.914,521890.0,0.821,829574.914,0.829575,1000000.0
2015-09-09,307684.914,526090.0,0.83,833774.914,0.833775,1000000.0
2015-09-10,307684.914,530244.0,0.834,837928.914,0.837929,1000000.0
2015-09-11,307684.914,525616.0,0.838,833300.914,0.833301,1000000.0
2015-09-14,307684.914,535828.0,0.833,843512.914,0.843513,1000000.0
2015-09-15,307684.914,522804.0,0.844,830488.914,0.830489,1000000.0
2015-09-16,307684.914,531788.0,0.83,839472.914,0.839473,1000000.0
2015-09-17,307684.914,524314.0,0.839,831998.914,0.831999,1000000.0
2015-09-18,307684.914,527160.0,0.832,834844.914,0.834845,1000000.0
2015-09-21,307684.914,525990.0,0.835,833674.914,0.833675,1000000.0
2015-09-22,307684.914,534520.0,0.834,842204.914,0.842205,1000000.0
2015-09-23,307684.914,523918.0,0.842,831602.914,0.831603,1000000.0
2015-09-24,307684.914,522006.0,0.832,829690.914,0.829691,1000000.0
2015-09-25,307684.914,519102.0,0.83,826786.914,0.826787,1000000.0
2015-09-28,307684.914,516248.0,0.827,823932.914,0.823933,1000000.0
2015-09-29,307684.914,510796.0,0.824,818480.914,0.818481,1000000.0
2015-09-30,307684.914,517748.0,0.818,825432.914,0.825433,1000000.0
2015-10-08,307684.914,523918.0,0.825,831602.914,0.831603,1000000.0
2015-10-09,307684.914,532636.0,0.832,840320.914,0.840321,1000000.0
2015-10-12,307684.914,545436.0,0.84,853120.914,0.853121,1000000.0
2015-10-13,307684.914,540918.0,0.853,848602.914,0.848603,1000000.0
2015-10-14,307684.914,533982.0,0.849,841666.914,0.841667,1000000.0
2015-10-15,307684.914,545142.0,0.842,852826.914,0.852827,1000000.0
2015-10-16,307684.914,549570.0,0.853,857254.914,0.857255,1000000.0
2015-10-19,307684.914,547014.0,0.857,854698.914,0.854699,1000000.0
2015-10-20,307684.914,548580.0,0.855,856264.914,0.856265,1000000.0
2015-10-21,307684.914,550422.0,0.856,858106.914,0.858107,1000000.0
2015-10-22,307684.914,549636.0,0.858,857320.914,0.857321,1000000.0
2015-10-23,307684.914,552972.0,0.857,860656.914,0.860657,1000000.0
2015-10-26,307684.914,553270.0,0.861,860954.914,0.860955,1000000.0
2015-10-27,307684.914,551696.0,0.861,859380.914,0.859381,1000000.0
2015-10-28,307684.914,543194.0,0.859,850878.914,0.850879,1000000.0
2015-10-29,307684.914,542664.0,0.851,850348.914,0.850349,1000000.0
2015-10-30,307684.914,546762.0,0.85,854446.914,0.854447,1000000.0
2015-11-02,307684.914,538794.0,0.854,846478.914,0.846479,1000000.0
2015-11-03,307684.914,536710.0,0.846,844394.914,0.844395,1000000.0
2015-11-04,307684.914,561682.0,0.844,869366.914,0.869367,1000000.0
2015-11-05,307684.914,575840.0,0.869,883524.914,0.883525,1000000.0
2015-11-06,307684.914,587054.0,0.884,894738.914,0.894739,1000000.0
2015-11-09,307684.914,608564.0,0.895,916248.914,0.916249,1000000.0
2015-11-10,307684.914,597934.0,0.916,905618.914,0.905619,1000000.0
2015-11-11,307684.914,589534.0,0.906,897218.914,0.897219,1000000.0
2015-11-12,307684.914,583022.0,0.897,890706.914,0.890707,1000000.0
2015-11-13,307684.914,576620.0,0.891,884304.914,0.884305,1000000.0
2015-11-16,307684.914,579336.0,0.884,887020.914,0.887021,1000000.0
2015-11-17,307684.914,584784.0,0.887,892468.914,0.892469,1000000.0
2015-11-18,307684.914,582484.0,0.892,890168.914,0.890169,1000000.0
2015-11-19,307684.914,585420.0,0.89,893104.914,0.893105,1000000.0
2015-11-20,307684.914,586460.0,0.893,894144.914,0.894145,1000000.0
2015-11-23,307684.914,583744.0,0.894,891428.914,0.891429,1000000.0
2015-11-24,307684.914,575120.0,0.891,882804.914,0.882805,1000000.0
2015-11-25,307684.914,574786.0,0.883,882470.914,0.882471,1000000.0
2015-11-26,307684.914,569840.0,0.882,877524.914,0.877525,1000000.0
2015-11-27,307684.914,548946.0,0.878,856630.914,0.856631,1000000.0
2015-11-30,307684.914,550956.0,0.857,858640.914,0.858641,1000000.0
2015-12-01,307684.914,550316.0,0.859,858000.914,0.858001,1000000.0
2015-12-02,307684.914,582660.0,0.858,890344.914,0.890345,1000000.0
2015-12-03,307684.914,579398.0,0.89,887082.914,0.887083,1000000.0
2015-12-04,307684.914,563418.0,0.887,871102.914,0.871103,1000000.0
2015-12-07,307684.914,565844.0,0.871,873528.914,0.873529,1000000.0
2015-12-08,307684.914,560196.0,0.874,867880.914,0.867881,1000000.0
2015-12-09,307684.914,560820.0,0.868,868504.914,0.868505,1000000.0
2015-12-10,307684.914,558500.0,0.869,866184.914,0.866185,1000000.0
2015-12-11,307684.914,550814.0,0.866,858498.914,0.858499,1000000.0
2015-12-14,307684.914,559834.0,0.858,867518.914,0.867519,1000000.0
2015-12-15,307684.914,554806.0,0.868,862490.914,0.862491,1000000.0
2015-12-16,307684.914,553122.0,0.862,860806.914,0.860807,1000000.0
2015-12-17,307684.914,560258.0,0.861,867942.914,0.867943,1000000.0
2015-12-18,307684.914,569734.0,0.868,877418.914,0.877419,1000000.0
2015-12-21,307684.914,586052.0,0.877,893736.914,0.893737,1000000.0
2015-12-22,307684.914,583964.0,0.894,891648.914,0.891649,1000000.0
2015-12-23,307684.914,584686.0,0.892,892370.914,0.892371,1000000.0
2015-12-24,307684.914,579760.0,0.892,887444.914,0.887445,1000000.0
2015-12-25,307684.914,583972.0,0.887,891656.914,0.891657,1000000.0
2015-12-28,307684.914,565276.0,0.892,872960.914,0.872961,1000000.0
2015-12-29,307684.914,569790.0,0.873,877474.914,0.877475,1000000.0
2015-12-30,307684.914,573496.0,0.877,881180.914,0.881181,1000000.0
2015-12-31,307684.914,567180.0,0.881,874864.914,0.874865,1000000.0
2016-01-04,307684.914,538930.0,0.875,846614.914,0.846615,1000000.0
2016-01-05,307684.914,540598.0,0.847,848282.914,0.848283,1000000.0
2016-01-06,307684.914,545528.0,0.848,853212.914,0.853213,1000000.0
2016-01-07,307684.914,520218.0,0.853,827902.914,0.827903,1000000.0
2016-01-08,307684.914,527354.0,0.828,835038.914,0.835039,1000000.0
2016-01-11,307684.914,507888.0,0.835,815572.914,0.815573,1000000.0
2016-01-12,307684.914,508822.0,0.816,816506.914,0.816507,1000000.0
2016-01-13,307684.914,504516.0,0.817,812200.914,0.812201,1000000.0
2016-01-14,307684.914,506612.0,0.812,814296.914,0.814297,1000000.0
2016-01-15,307684.914,492532.0,0.814,800216.914,0.800217,1000000.0
2016-01-18,307684.914,490326.0,0.8,798010.914,0.798011,1000000.0
2016-01-19,307684.914,502820.0,0.798,810504.914,0.810505,1000000.0
2016-01-20,307684.914,495468.0,0.811,803152.914,0.803153,1000000.0
2016-01-21,307684.914,486228.0,0.803,793912.914,0.793913,1000000.0
2016-01-22,307684.914,488528.0,0.794,796212.914,0.796213,1000000.0
2016-01-25,307684.914,489706.0,0.796,797390.914,0.797391,1000000.0
2016-01-26,307684.914,467434.0,0.797,775118.914,0.775119,1000000.0
2016-01-27,307684.914,469232.0,0.775,776916.914,0.776917,1000000.0
2016-01-28,307684.914,460298.0,0.777,767982.914,0.767983,1000000.0
2016-01-29,307684.914,472894.0,0.768,780578.914,0.780579,1000000.0
2016-02-01,307684.914,463752.0,0.781,771436.914,0.771437,1000000.0
2016-02-02,307684.914,469840.0,0.771,777524.914,0.777525,1000000.0
2016-02-03,307684.914,464792.0,0.778,772476.914,0.772477,1000000.0
2016-02-04,307684.914,470158.0,0.772,777842.914,0.777843,1000000.0
2016-02-05,307684.914,469004.0,0.778,776688.914,0.776689,1000000.0
2016-02-15,307684.914,462802.0,0.777,770486.914,0.770487,1000000.0
2016-02-16,307684.914,472678.0,0.77,780362.914,0.780363,1000000.0
2016-02-17,307684.914,478028.0,0.78,785712.914,0.785713,1000000.0
2016-02-18,307684.914,474766.0,0.786,782450.914,0.782451,1000000.0
2016-02-19,307684.914,471606.0,0.782,779290.914,0.779291,1000000.0
2016-02-22,307684.914,482212.0,0.779,789896.914,0.789897,1000000.0
2016-02-23,307684.914,474966.0,0.79,782650.914,0.782651,1000000.0
2016-02-24,307684.914,475696.0,0.783,783380.914,0.783381,1000000.0
2016-02-25,307684.914,454688.0,0.783,762372.914,0.762373,1000000.0
2016-02-26,307684.914,460576.0,0.762,768260.914,0.768261,1000000.0
2016-02-29,307684.914,454520.0,0.768,762204.914,0.762205,1000000.0
2016-03-01,307684.914,459870.0,0.762,767554.914,0.767555,1000000.0
2016-03-02,307684.914,475716.0,0.768,783400.914,0.783401,1000000.0
2016-03-03,307684.914,478044.0,0.783,785728.914,0.785729,1000000.0
2016-03-04,307684.914,495842.0,0.786,803526.914,0.803527,1000000.0
2016-03-07,307684.914,491944.0,0.804,799628.914,0.799629,1000000.0
2016-03-08,307684.914,491968.0,0.8,799652.914,0.799653,1000000.0
2016-03-09,307684.914,489468.0,0.8,797152.914,0.797153,1000000.0
2016-03-10,307684.914,484706.0,0.797,792390.914,0.792391,1000000.0
2016-03-11,307684.914,486080.0,0.792,793764.914,0.793765,1000000.0
2016-03-14,307684.914,488796.0,0.794,796480.914,0.796481,1000000.0
2016-03-15,307684.914,492164.0,0.796,799848.914,0.799849,1000000.0
2016-03-16,307684.914,499042.0,0.8,806726.914,0.806727,1000000.0
2016-03-17,307684.914,499226.0,0.807,806910.914,0.806911,1000000.0
2016-03-18,307684.914,502358.0,0.807,810042.914,0.810043,1000000.0
2016-03-21,307684.914,511052.0,0.81,818736.914,0.818737,1000000.0
2016-03-22,307684.914,508222.0,0.819,815906.914,0.815907,1000000.0
2016-03-23,307684.914,507488.0,0.816,815172.914,0.815173,1000000.0
2016-03-24,307684.914,501094.0,0.815,808778.914,0.808779,1000000.0
2016-03-25,307684.914,503504.0,0.809,811188.914,0.811189,1000000.0
2016-03-28,307684.914,497082.0,0.811,804766.914,0.804767,1000000.0
2016-03-29,307684.914,494876.0,0.805,802560.914,0.802561,1000000.0
2016-03-30,307684.914,508124.0,0.803,815808.914,0.815809,1000000.0
2016-03-31,307684.914,504650.0,0.816,812334.914,0.812335,1000000.0
2016-04-01,307684.914,507186.0,0.812,814870.914,0.814871,1000000.0
2016-04-05,307684.914,509184.0,0.815,816868.914,0.816869,1000000.0
2016-04-06,307684.914,508964.0,0.817,816648.914,0.816649,1000000.0
2016-04-07,307684.914,503186.0,0.817,810870.914,0.810871,1000000.0
2016-04-08,307684.914,503194.0,0.811,810878.914,0.810879,1000000.0
2016-04-11,307684.914,509494.0,0.811,817178.914,0.817179,1000000.0
2016-04-12,307684.914,507712.0,0.817,815396.914,0.815397,1000000.0
2016-04-13,307684.914,514122.0,0.815,821806.914,0.821807,1000000.0
2016-04-14,307684.914,514852.0,0.822,822536.914,0.822537,1000000.0
2016-04-15,307684.914,521090.0,0.823,828774.914,0.828775,1000000.0
2016-04-18,307684.914,517758.0,0.829,825442.914,0.825443,1000000.0
2016-04-19,307684.914,519544.0,0.825,827228.914,0.827229,1000000.0
2016-04-20,307684.914,514026.0,0.827,821710.914,0.821711,1000000.0
2016-04-21,307684.914,517528.0,0.822,825212.914,0.825213,1000000.0
2016-04-22,307684.914,520692.0,0.825,828376.914,0.828377,1000000.0
2016-04-25,307684.914,519440.0,0.828,827124.914,0.827125,1000000.0
2016-04-26,307684.914,522372.0,0.827,830056.914,0.830057,1000000.0
2016-04-27,307684.914,521426.0,0.83,829110.914,0.829111,1000000.0
2016-04-28,307684.914,524252.0,0.829,831936.914,0.831937,1000000.0
2016-04-29,307684.914,520048.0,0.832,827732.914,0.827733,1000000.0
2016-05-03,307684.914,522972.0,0.828,830656.914,0.830657,1000000.0
2016-05-04,307684.914,523698.0,0.831,831382.914,0.831383,1000000.0
2016-05-05,307684.914,523380.0,0.831,831064.914,0.831065,1000000.0
2016-05-06,307684.914,513920.0,0.831,821604.914,0.821605,1000000.0
2016-05-09,307684.914,508370.0,0.822,816054.914,0.816055,1000000.0
2016-05-10,307684.914,503416.0,0.816,811100.914,0.811101,1000000.0
2016-05-11,307684.914,507408.0,0.811,815092.914,0.815093,1000000.0
2016-05-12,307684.914,511008.0,0.815,818692.914,0.818693,1000000.0
2016-05-13,307684.914,511232.0,0.819,818916.914,0.818917,1000000.0
2016-05-16,307684.914,510804.0,0.819,818488.914,0.818489,1000000.0
2016-05-17,307684.914,508708.0,0.818,816392.914,0.816393,1000000.0
2016-05-18,307684.914,512312.0,0.816,819996.914,0.819997,1000000.0
2016-05-19,307684.914,510636.0,0.82,818320.914,0.818321,1000000.0
2016-05-20,307684.914,512948.0,0.818,820632.914,0.820633,1000000.0
2016-05-23,307684.914,508504.0,0.821,816188.914,0.816189,1000000.0
2016-05-24,307684.914,504292.0,0.816,811976.914,0.811977,1000000.0
2016-05-25,307684.914,507252.0,0.812,814936.914,0.814937,1000000.0
2016-05-26,307684.914,508422.0,0.815,816106.914,0.816107,1000000.0
2016-05-27,307684.914,509674.0,0.816,817358.914,0.817359,1000000.0
2016-05-30,307684.914,511896.0,0.817,819580.914,0.819581,1000000.0
2016-05-31,307684.914,522070.0,0.82,829754.914,0.829755,1000000.0
2016-06-01,307684.914,518070.0,0.83,825754.914,0.825755,1000000.0
2016-06-02,307684.914,516382.0,0.826,824066.914,0.824067,1000000.0
2016-06-03,307684.914,518168.0,0.824,825852.914,0.825853,1000000.0
2016-06-06,307684.914,516998.0,0.826,824682.914,0.824683,1000000.0
2016-06-07,307684.914,519008.0,0.825,826692.914,0.826693,1000000.0
2016-06-08,307684.914,518062.0,0.827,825746.914,0.825747,1000000.0
2016-06-13,307684.914,507954.0,0.826,815638.914,0.815639,1000000.0
2016-06-14,307684.914,510788.0,0.816,818472.914,0.818473,1000000.0
2016-06-15,307684.914,512150.0,0.818,819834.914,0.819835,1000000.0
2016-06-16,312489.114,507357.6,0.82,819846.714,0.819847,1000000.0
2016-06-17,312489.114,508794.4,0.82,821283.514,0.821284,1000000.0
2016-06-20,312489.114,509654.0,0.821,822143.114,0.822143,1000000.0
2016-06-21,312489.114,510348.8,0.822,822837.914,0.822838,1000000.0
2016-06-22,312489.114,514446.4,0.823,826935.514,0.826936,1000000.0
2016-06-23,312489.114,509264.8,0.827,821753.914,0.821754,1000000.0
2016-06-24,312489.114,505767.6,0.822,818256.714,0.818257,1000000.0
2016-06-27,312489.114,507592.8,0.818,820081.914,0.820082,1000000.0
2016-06-28,312489.114,508452.4,0.82,820941.514,0.820942,1000000.0
2016-06-29,312489.114,512409.2,0.821,824898.314,0.824898,1000000.0
2016-06-30,312489.114,513316.0,0.825,825805.114,0.825805,1000000.0
2016-07-01,312489.114,515070.8,0.826,827559.914,0.82756,1000000.0
2016-07-04,312489.114,519792.8,0.828,832281.914,0.832282,1000000.0
2016-07-05,312489.114,518096.8,0.832,830585.914,0.830586,1000000.0
2016-07-06,312489.114,515859.2,0.831,828348.314,0.828348,1000000.0
2016-07-07,312489.114,516436.4,0.828,828925.514,0.828926,1000000.0
2016-07-08,312489.114,513657.2,0.829,826146.314,0.826146,1000000.0
2016-07-11,312489.114,514988.0,0.826,827477.114,0.827477,1000000.0
2016-07-12,312489.114,522324.4,0.827,834813.514,0.834814,1000000.0
2016-07-13,319803.114,519473.2,0.835,839276.314,0.839276,1000000.0
2016-07-14,319803.114,518013.2,0.839,837816.314,0.837816,1000000.0
2016-07-15,319803.114,520427.2,0.838,840230.314,0.84023,1000000.0
2016-07-18,319803.114,523583.2,0.84,843386.314,0.843386,1000000.0
2016-07-19,319803.114,519461.6,0.843,839264.714,0.839265,1000000.0
2016-07-20,319803.114,518554.8,0.839,838357.914,0.838358,1000000.0
2016-07-21,319803.114,521487.2,0.838,841290.314,0.84129,1000000.0
2016-07-22,319803.114,517907.2,0.841,837710.314,0.83771,1000000.0
2016-07-25,319803.114,519838.4,0.838,839641.514,0.839642,1000000.0
2016-07-26,319803.114,525266.8,0.84,845069.914,0.84507,1000000.0
2016-07-27,319803.114,523618.8,0.845,843421.914,0.843422,1000000.0
2016-07-28,319803.114,523818.4,0.843,843621.514,0.843622,1000000.0
2016-07-29,319803.114,528552.0,0.844,848355.114,0.848355,1000000.0
2016-08-01,319803.114,531778.4,0.848,851581.514,0.851582,1000000.0
2016-08-02,319803.114,530330.0,0.852,850133.114,0.850133,1000000.0
2016-08-03,319803.114,526844.4,0.85,846647.514,0.846648,1000000.0
2016-08-04,319803.114,519579.2,0.847,839382.314,0.839382,1000000.0
2016-08-05,319803.114,521887.2,0.839,841690.314,0.84169,1000000.0
2016-08-08,319803.114,524842.8,0.842,844645.914,0.844646,1000000.0
2016-08-09,319803.114,526774.0,0.845,846577.114,0.846577,1000000.0
2016-08-10,319803.114,527563.2,0.847,847366.314,0.847366,1000000.0
2016-08-11,319803.114,532379.6,0.847,852182.714,0.852183,1000000.0
2016-08-12,319803.114,548654.0,0.852,868457.114,0.868457,1000000.0
2016-08-15,319803.114,559994.4,0.868,879797.514,0.879798,1000000.0
2016-08-16,319803.114,552799.6,0.88,872602.714,0.872603,1000000.0
2016-08-17,319803.114,554884.0,0.873,874687.114,0.874687,1000000.0
2016-08-18,319803.114,551198.0,0.875,871001.114,0.871001,1000000.0
2016-08-19,319803.114,555708.8,0.871,875511.914,0.875512,1000000.0
2016-08-22,319803.114,552306.0,0.876,872109.114,0.872109,1000000.0
2016-08-23,319803.114,551988.0,0.872,871791.114,0.871791,1000000.0
2016-08-24,319803.114,552694.4,0.872,872497.514,0.872498,1000000.0
2016-08-25,319803.114,551905.2,0.872,871708.314,0.871708,1000000.0
2016-08-26,319803.114,552706.0,0.872,872509.114,0.872509,1000000.0
2016-08-29,319803.114,548607.6,0.873,868410.714,0.868411,1000000.0
2016-08-30,319803.114,552293.6,0.868,872096.714,0.872097,1000000.0
2016-08-31,319803.114,555061.2,0.872,874864.314,0.874864,1000000.0
2016-09-01,319803.114,553448.0,0.875,873251.114,0.873251,1000000.0
2016-09-02,319803.114,554084.0,0.873,873887.114,0.873887,1000000.0
2016-09-05,319803.114,553695.6,0.874,873498.714,0.873499,1000000.0
2016-09-06,319803.114,550774.8,0.873,870577.914,0.870578,1000000.0
2016-09-07,319803.114,550928.0,0.871,870731.114,0.870731,1000000.0
2016-09-08,319803.114,550610.0,0.871,870413.114,0.870413,1000000.0
2016-09-09,319803.114,547736.4,0.87,867539.514,0.86754,1000000.0
2016-09-12,319803.114,534888.8,0.868,854691.914,0.854692,1000000.0
2016-09-13,319803.114,536125.2,0.855,855928.314,0.855928,1000000.0
2016-09-14,319803.114,527304.8,0.856,847107.914,0.847108,1000000.0
2016-09-19,319803.114,532427.6,0.847,852230.714,0.852231,1000000.0
2016-09-20,319803.114,530178.4,0.852,849981.514,0.849982,1000000.0
2016-09-21,319803.114,531662.4,0.85,851465.514,0.851466,1000000.0
2016-09-22,319803.114,535630.8,0.851,855433.914,0.855434,1000000.0
2016-09-23,319803.114,535360.0,0.855,855163.114,0.855163,1000000.0
2016-09-26,319803.114,531427.2,0.855,851230.314,0.85123,1000000.0
2016-09-27,319803.114,532922.8,0.851,852725.914,0.852726,1000000.0
2016-09-28,319803.114,530638.0,0.853,850441.114,0.850441,1000000.0
2016-09-29,319803.114,532180.8,0.85,851983.914,0.851984,1000000.0
2016-09-30,319803.114,532557.6,0.852,852360.714,0.852361,1000000.0
2016-10-10,319803.114,537621.6,0.852,857424.714,0.857425,1000000.0
2016-10-11,319803.114,539070.0,0.857,858873.114,0.858873,1000000.0
2016-10-12,319803.114,536408.4,0.859,856211.514,0.856212,1000000.0
2016-10-13,319803.114,533511.6,0.856,853314.714,0.853315,1000000.0
2016-10-14,319803.114,534371.2,0.853,854174.314,0.854174,1000000.0
2016-10-17,319803.114,530320.0,0.854,850123.114,0.850123,1000000.0
2016-10-18,319803.114,532569.2,0.85,852372.314,0.852372,1000000.0
2016-10-19,319803.114,531662.4,0.852,851465.514,0.851466,1000000.0
2016-10-20,319803.114,531391.6,0.851,851194.714,0.851195,1000000.0
2016-10-21,319803.114,533864.4,0.851,853667.514,0.853668,1000000.0
2016-10-24,319803.114,542249.2,0.854,862052.314,0.862052,1000000.0
2016-10-25,319803.114,539210.8,0.862,859013.914,0.859014,1000000.0
2016-10-26,319803.114,535254.0,0.859,855057.114,0.855057,1000000.0
2016-10-27,319803.114,533934.8,0.855,853737.914,0.853738,1000000.0
2016-10-28,319803.114,535265.6,0.854,855068.714,0.855069,1000000.0
2016-10-31,319803.114,534088.0,0.855,853891.114,0.853891,1000000.0
2016-11-01,319803.114,534983.2,0.854,854786.314,0.854786,1000000.0
2016-11-02,319803.114,530861.6,0.855,850664.714,0.850665,1000000.0
2016-11-03,319803.114,534076.4,0.851,853879.514,0.85388,1000000.0
2016-11-04,319803.114,533110.8,0.854,852913.914,0.852914,1000000.0
2016-11-07,319803.114,533275.6,0.853,853078.714,0.853079,1000000.0
2016-11-08,319803.114,535466.0,0.853,855269.114,0.855269,1000000.0
2016-11-09,319803.114,531391.6,0.855,851194.714,0.851195,1000000.0
2016-11-10,319803.114,535195.2,0.851,854998.314,0.854998,1000000.0
2016-11-11,319803.114,536914.4,0.855,856717.514,0.856718,1000000.0
2016-11-14,319803.114,538633.6,0.857,858436.714,0.858437,1000000.0
2016-11-15,319803.114,540494.4,0.858,860297.514,0.860298,1000000.0
2016-11-16,319803.114,539858.4,0.86,859661.514,0.859662,1000000.0
2016-11-17,319803.114,539104.8,0.86,858907.914,0.858908,1000000.0
2016-11-18,319803.114,537762.4,0.859,857565.514,0.857566,1000000.0
2016-11-21,319803.114,542567.2,0.858,862370.314,0.86237,1000000.0
2016-11-22,319803.114,547406.8,0.862,867209.914,0.86721,1000000.0
2016-11-23,319803.114,555780.0,0.867,875583.114,0.875583,1000000.0
2016-11-24,319803.114,555473.6,0.876,875276.714,0.875277,1000000.0
2016-11-25,319803.114,563775.6,0.875,883578.714,0.883579,1000000.0
2016-11-28,319803.114,560548.4,0.884,880351.514,0.880352,1000000.0
2016-11-29,319803.114,561231.6,0.88,881034.714,0.881035,1000000.0
2016-11-30,319803.114,556474.0,0.881,876277.114,0.876277,1000000.0
2016-12-01,319803.114,557722.0,0.876,877525.114,0.877525,1000000.0
2016-12-02,319803.114,555838.0,0.878,875641.114,0.875641,1000000.0
2016-12-05,319803.114,554248.8,0.876,874051.914,0.874052,1000000.0
2016-12-06,319803.114,554743.2,0.874,874546.314,0.874546,1000000.0
2016-12-07,319803.114,554578.4,0.875,874381.514,0.874382,1000000.0
2016-12-08,319803.114,557569.6,0.874,877372.714,0.877373,1000000.0
2016-12-09,319803.114,567132.0,0.877,886935.114,0.886935,1000000.0
2016-12-12,319803.114,562010.0,0.887,881813.114,0.881813,1000000.0
2016-12-13,319803.114,555073.6,0.882,874876.714,0.874877,1000000.0
2016-12-14,319803.114,553684.0,0.875,873487.114,0.873487,1000000.0
2016-12-15,319803.114,541884.0,0.873,861687.114,0.861687,1000000.0
2016-12-16,319803.114,541248.0,0.862,861051.114,0.861051,1000000.0
2016-12-19,319803.114,537562.0,0.861,857365.114,0.857365,1000000.0
2016-12-20,319803.114,531838.8,0.857,851641.914,0.851642,1000000.0
2016-12-21,319803.114,533934.8,0.852,853737.914,0.853738,1000000.0
2016-12-22,319803.114,532227.2,0.854,852030.314,0.85203,1000000.0
2016-12-23,319803.114,528694.4,0.852,848497.514,0.848498,1000000.0
2016-12-26,319803.114,531791.6,0.848,851594.714,0.851595,1000000.0
2016-12-27,319803.114,529860.4,0.852,849663.514,0.849664,1000000.0
2016-12-28,319803.114,528152.8,0.85,847955.914,0.847956,1000000.0
2016-12-29,319803.114,527528.4,0.848,847331.514,0.847332,1000000.0
2016-12-30,319803.114,529448.0,0.847,849251.114,0.849251,1000000.0
2017-01-03,319803.114,535524.8,0.849,855327.914,0.855328,1000000.0
2017-01-04,319803.114,536160.8,0.855,855963.914,0.855964,1000000.0
2017-01-05,319803.114,537385.6,0.856,857188.714,0.857189,1000000.0
2017-01-06,319803.114,534394.4,0.857,854197.514,0.854198,1000000.0
2017-01-09,319803.114,534936.0,0.854,854739.114,0.854739,1000000.0
2017-01-10,319803.114,534936.0,0.855,854739.114,0.854739,1000000.0
2017-01-11,319803.114,534771.2,0.855,854574.314,0.854574,1000000.0
2017-01-12,319803.114,535572.0,0.855,855375.114,0.855375,1000000.0
2017-01-13,319803.114,538280.8,0.855,858083.914,0.858084,1000000.0
2017-01-16,319803.114,541343.2,0.858,861146.314,0.861146,1000000.0
2017-01-17,319803.114,540342.0,0.861,860145.114,0.860145,1000000.0
2017-01-18,319803.114,542579.6,0.86,862382.714,0.862383,1000000.0
2017-01-19,319803.114,542214.4,0.862,862017.514,0.862018,1000000.0
2017-01-20,319803.114,544463.6,0.862,864266.714,0.864267,1000000.0
2017-01-23,319803.114,543509.6,0.864,863312.714,0.863313,1000000.0
2017-01-24,319803.114,549315.6,0.863,869118.714,0.869119,1000000.0
2017-01-25,319803.114,549044.8,0.869,868847.914,0.868848,1000000.0
2017-01-26,319803.114,552954.4,0.869,872757.514,0.872758,1000000.0
2017-02-03,319803.114,547136.8,0.873,866939.914,0.86694,1000000.0
2017-02-06,319803.114,548172.8,0.867,867975.914,0.867976,1000000.0
2017-02-07,319803.114,547266.0,0.868,867069.114,0.867069,1000000.0
2017-02-08,319803.114,547584.0,0.867,867387.114,0.867387,1000000.0
2017-02-09,319803.114,549338.8,0.867,869141.914,0.869142,1000000.0
2017-02-10,319803.114,551894.4,0.869,871697.514,0.871698,1000000.0
2017-02-13,319803.114,555650.8,0.872,875453.914,0.875454,1000000.0
2017-02-14,319803.114,554214.0,0.875,874017.114,0.874017,1000000.0
2017-02-15,319803.114,558854.0,0.874,878657.114,0.878657,1000000.0
2017-02-16,319803.114,559336.8,0.879,879139.914,0.87914,1000000.0
2017-02-17,319803.114,555427.2,0.879,875230.314,0.87523,1000000.0
2017-02-20,319803.114,565860.8,0.875,885663.914,0.885664,1000000.0
2017-02-21,319803.114,566343.6,0.886,886146.714,0.886147,1000000.0
2017-02-22,319803.114,566237.6,0.886,886040.714,0.886041,1000000.0
2017-02-23,319803.114,563764.8,0.886,883567.914,0.883568,1000000.0
2017-02-24,319803.114,563918.0,0.884,883721.114,0.883721,1000000.0
2017-02-27,319803.114,561068.4,0.884,880871.514,0.880872,1000000.0
2017-02-28,319803.114,563270.4,0.881,883073.514,0.883074,1000000.0
2017-03-01,319803.114,562587.2,0.883,882390.314,0.88239,1000000.0
2017-03-02,319803.114,557782.4,0.882,877585.514,0.877586,1000000.0
2017-03-03,319803.114,555698.0,0.878,875501.114,0.875501,1000000.0
2017-03-06,319803.114,558112.0,0.876,877915.114,0.877915,1000000.0
2017-03-07,319803.114,560020.0,0.878,879823.114,0.879823,1000000.0
2017-03-08,319803.114,559419.6,0.88,879222.714,0.879223,1000000.0
2017-03-09,319803.114,555368.4,0.879,875171.514,0.875172,1000000.0
2017-03-10,319803.114,554638.0,0.875,874441.114,0.874441,1000000.0
2017-03-13,319803.114,557417.2,0.874,877220.314,0.87722,1000000.0
2017-03-14,319803.114,558159.2,0.877,877962.314,0.877962,1000000.0
2017-03-15,319803.114,558712.4,0.878,878515.514,0.878516,1000000.0
2017-03-16,319803.114,560749.6,0.879,880552.714,0.880553,1000000.0
2017-03-17,319803.114,550186.8,0.881,869989.914,0.86999,1000000.0
2017-03-20,319803.114,547396.0,0.87,867199.114,0.867199,1000000.0
2017-03-21,319803.114,547019.2,0.867,866822.314,0.866822,1000000.0
2017-03-22,319803.114,541460.8,0.867,861263.914,0.861264,1000000.0
2017-03-23,319803.114,544240.0,0.861,864043.114,0.864043,1000000.0
2017-03-24,319803.114,545347.2,0.864,865150.314,0.86515,1000000.0
2017-03-27,319803.114,546855.2,0.865,866658.314,0.866658,1000000.0
2017-03-28,319803.114,544723.6,0.867,864526.714,0.864527,1000000.0
2017-03-29,319803.114,545618.8,0.865,865421.914,0.865422,1000000.0
2017-03-30,319803.114,543746.4,0.865,863549.514,0.86355,1000000.0
2017-03-31,319803.114,548727.6,0.864,868530.714,0.868531,1000000.0
2017-04-05,319803.114,549174.8,0.869,868977.914,0.868978,1000000.0
2017-04-06,319803.114,548480.0,0.869,868283.114,0.868283,1000000.0
2017-04-07,319803.114,546890.0,0.868,866693.114,0.866693,1000000.0
2017-04-10,319803.114,546348.4,0.867,866151.514,0.866152,1000000.0
2017-04-11,319803.114,546384.0,0.866,866187.114,0.866187,1000000.0
2017-04-12,319803.114,545571.6,0.866,865374.714,0.865375,1000000.0
2017-04-13,319803.114,544193.6,0.865,863996.714,0.863997,1000000.0
2017-04-14,319803.114,541626.4,0.864,861429.514,0.86143,1000000.0
2017-04-17,319803.114,543016.0,0.861,862819.114,0.862819,1000000.0
2017-04-18,319803.114,538164.0,0.863,857967.114,0.857967,1000000.0
2017-04-19,319803.114,531404.8,0.858,851207.914,0.851208,1000000.0
2017-04-20,319803.114,531039.6,0.851,850842.714,0.850843,1000000.0
2017-04-21,319803.114,537269.6,0.851,857072.714,0.857073,1000000.0
2017-04-24,319803.114,536928.4,0.857,856731.514,0.856732,1000000.0
2017-04-25,319803.114,540096.0,0.857,859899.114,0.859899,1000000.0
2017-04-26,319803.114,541309.2,0.86,861112.314,0.861112,1000000.0
2017-04-27,319803.114,539177.6,0.861,858980.714,0.858981,1000000.0
2017-04-28,319803.114,541521.2,0.859,861324.314,0.861324,1000000.0
2017-05-02,319803.114,538365.2,0.861,858168.314,0.858168,1000000.0
2017-05-03,319803.114,536386.8,0.858,856189.914,0.85619,1000000.0
2017-05-04,319803.114,528073.2,0.856,847876.314,0.847876,1000000.0
2017-05-05,319803.114,524458.4,0.848,844261.514,0.844262,1000000.0
2017-05-08,319803.114,522091.6,0.844,841894.714,0.841895,1000000.0
2017-05-09,319803.114,524729.2,0.842,844532.314,0.844532,1000000.0
2017-05-10,319803.114,528297.6,0.845,848100.714,0.848101,1000000.0
2017-05-11,319803.114,531972.0,0.848,851775.114,0.851775,1000000.0
2017-05-12,319803.114,550956.0,0.852,870759.114,0.870759,1000000.0
2017-05-15,319803.114,552946.8,0.871,872749.914,0.87275,1000000.0
2017-05-16,319803.114,550285.2,0.873,870088.314,0.870088,1000000.0
2017-05-17,319803.114,544467.6,0.87,864270.714,0.864271,1000000.0
2017-05-18,319803.114,543596.4,0.864,863399.514,0.8634,1000000.0
2017-05-19,319803.114,545057.2,0.863,864860.314,0.86486,1000000.0
2017-05-22,319803.114,548496.4,0.865,868299.514,0.8683,1000000.0
2017-05-23,319803.114,562605.2,0.868,882408.314,0.882408,1000000.0
2017-05-24,319803.114,564206.8,0.882,884009.914,0.88401,1000000.0
2017-05-25,319803.114,586158.0,0.884,905961.114,0.905961,1000000.0
2017-05-26,319803.114,582872.0,0.906,902675.114,0.902675,1000000.0
2017-05-31,319803.114,584308.0,0.903,904111.114,0.904111,1000000.0
2017-06-01,319803.114,585733.2,0.904,905536.314,0.905536,1000000.0
2017-06-02,319803.114,580421.6,0.906,900224.714,0.900225,1000000.0
2017-06-05,319803.114,573238.4,0.9,893041.514,0.893042,1000000.0
2017-06-06,319803.114,573085.2,0.893,892888.314,0.892888,1000000.0
2017-06-07,319803.114,582730.4,0.893,902533.514,0.902534,1000000.0
2017-06-08,319803.114,585062.4,0.903,904865.514,0.904866,1000000.0
2017-06-09,319803.114,587618.0,0.905,907421.114,0.907421,1000000.0
2017-06-12,319803.114,585368.8,0.907,905171.914,0.905172,1000000.0
2017-06-13,319803.114,582035.6,0.905,901838.714,0.901839,1000000.0
2017-06-14,327647.114,567914.4,0.902,895561.514,0.895562,1000000.0
2017-06-15,327647.114,562485.2,0.896,890132.314,0.890132,1000000.0
2017-06-16,327647.114,560459.6,0.89,888106.714,0.888107,1000000.0
2017-06-19,327647.114,568314.4,0.888,895961.514,0.895962,1000000.0
2017-06-20,327647.114,567089.6,0.896,894736.714,0.894737,1000000.0
2017-06-21,327647.114,570658.0,0.895,898305.114,0.898305,1000000.0
2017-06-22,327647.114,589478.0,0.898,917125.114,0.917125,1000000.0
2017-06-23,327647.114,592658.0,0.917,920305.114,0.920305,1000000.0
2017-06-26,327647.114,594648.0,0.92,922295.114,0.922295,1000000.0
2017-06-27,327647.114,610900.8,0.922,938547.914,0.938548,1000000.0
2017-06-28,327647.114,607602.4,0.939,935249.514,0.93525,1000000.0
2017-06-29,327647.114,611312.4,0.935,938959.514,0.93896,1000000.0
2017-06-30,327647.114,607261.2,0.939,934908.314,0.934908,1000000.0
2017-07-03,327647.114,603504.0,0.935,931151.114,0.931151,1000000.0
2017-07-04,327647.114,595731.2,0.931,923378.314,0.923378,1000000.0
2017-07-05,327647.114,606401.6,0.923,934048.714,0.934049,1000000.0
2017-07-06,327647.114,608168.0,0.934,935815.114,0.935815,1000000.0
2017-07-07,327647.114,603385.6,0.936,931032.714,0.931033,1000000.0
2017-07-10,327647.114,607907.2,0.931,935554.314,0.935554,1000000.0
2017-07-11,327647.114,641468.0,0.936,969115.114,0.969115,1000000.0
2017-07-12,327647.114,647615.2,0.969,975262.314,0.975262,1000000.0
2017-07-13,327647.114,674652.0,0.975,1002299.114,1.002299,1000000.0
2017-07-14,327647.114,677620.0,1.002,1005267.114,1.005267,1000000.0
2017-07-17,327647.114,673486.8,1.005,1001133.914,1.001134,1000000.0
2017-07-18,327647.114,676276.0,1.001,1003923.114,1.003923,1000000.0
2017-07-19,327647.114,685203.2,1.004,1012850.314,1.01285,1000000.0
2017-07-20,327647.114,680469.6,1.013,1008116.714,1.008117,1000000.0
2017-07-21,333600.554,672579.2,1.008,1006179.754,1.00618,1000000.0
2017-07-24,333600.554,685122.0,1.006,1018722.554,1.018723,1000000.0
2017-07-25,333600.554,685098.0,1.019,1018698.554,1.018699,1000000.0
2017-07-26,333600.554,674559.2,1.019,1008159.754,1.00816,1000000.0
2017-07-27,333600.554,673571.2,1.008,1007171.754,1.007172,1000000.0
2017-07-28,333600.554,677951.2,1.007,1011551.754,1.011552,1000000.0
2017-07-31,333600.554,673087.6,1.012,1006688.154,1.006688,1000000.0
2017-08-01,333600.554,693071.2,1.007,1026671.754,1.026672,1000000.0
2017-08-02,333600.554,702304.0,1.027,1035904.554,1.035905,1000000.0
2017-08-03,333600.554,689290.8,1.036,1022891.354,1.022891,1000000.0
2017-08-04,333600.554,691397.6,1.023,1024998.154,1.024998,1000000.0
2017-08-07,333600.554,689868.0,1.025,1023468.554,1.023469,1000000.0
2017-08-08,333600.554,690374.0,1.023,1023974.554,1.023975,1000000.0
2017-08-09,333600.554,675030.4,1.024,1008630.954,1.008631,1000000.0
2017-08-10,333600.554,666645.6,1.009,1000246.154,1.000246,1000000.0
2017-08-11,333600.554,637147.6,1.0,970748.154,0.970748,1000000.0
2017-08-14,333600.554,647969.6,0.971,981570.154,0.98157,1000000.0
2017-08-15,333600.554,659098.8,0.982,992699.354,0.992699,1000000.0
2017-08-16,333600.554,656413.2,0.993,990013.754,0.990014,1000000.0
2017-08-17,333600.554,658261.6,0.99,991862.154,0.991862,1000000.0
2017-08-18,333600.554,662831.2,0.992,996431.754,0.996432,1000000.0
2017-08-21,333600.554,662312.8,0.996,995913.354,0.995913,1000000.0
2017-08-22,333600.554,675726.0,0.996,1009326.554,1.009327,1000000.0
2017-08-23,333600.554,691824.0,1.009,1025424.554,1.025425,1000000.0
2017-08-24,333600.554,694756.4,1.025,1028356.954,1.028357,1000000.0
2017-08-25,333600.554,710442.8,1.028,1044043.354,1.044043,1000000.0
2017-08-28,333600.554,716412.0,1.044,1050012.554,1.050013,1000000.0
2017-08-29,333600.554,727409.6,1.05,1061010.154,1.06101,1000000.0
2017-08-30,333600.554,718578.4,1.061,1052178.954,1.052179,1000000.0
2017-08-31,333600.554,708580.4,1.052,1042180.954,1.042181,1000000.0
2017-09-01,333600.554,706048.8,1.042,1039649.354,1.039649,1000000.0
2017-09-04,333600.554,727385.6,1.04,1060986.154,1.060986,1000000.0
2017-09-05,333600.554,728399.2,1.061,1061999.754,1.062,1000000.0
2017-09-06,333600.554,725784.0,1.062,1059384.554,1.059385,1000000.0
2017-09-07,333600.554,710369.2,1.059,1043969.754,1.04397,1000000.0
2017-09-08,333600.554,712571.2,1.044,1046171.754,1.046172,1000000.0
2017-09-11,333600.554,706306.4,1.046,1039906.954,1.039907,1000000.0
2017-09-12,333600.554,715091.2,1.04,1048691.754,1.048692,1000000.0
2017-09-13,333600.554,708084.4,1.049,1041684.954,1.041685,1000000.0
2017-09-14,333600.554,700653.6,1.042,1034254.154,1.034254,1000000.0
2017-09-15,333600.554,700689.2,1.034,1034289.754,1.03429,1000000.0
2017-09-18,333600.554,696956.0,1.034,1030556.554,1.030557,1000000.0
2017-09-19,333600.554,696780.4,1.031,1030380.954,1.030381,1000000.0
2017-09-20,333600.554,699841.2,1.03,1033441.754,1.033442,1000000.0
2017-09-21,333600.554,708048.8,1.033,1041649.354,1.041649,1000000.0
2017-09-22,333600.554,706129.2,1.042,1039729.754,1.03973,1000000.0
2017-09-25,333600.554,698993.2,1.04,1032593.754,1.032594,1000000.0
2017-09-26,333600.554,688890.0,1.033,1022490.554,1.022491,1000000.0
2017-09-27,333600.554,681082.4,1.022,1014682.954,1.014683,1000000.0
2017-09-28,333600.554,677078.4,1.015,1010678.954,1.010679,1000000.0
2017-09-29,333600.554,689454.8,1.011,1023055.354,1.023055,1000000.0
2017-10-09,333600.554,702232.0,1.023,1035832.554,1.035833,1000000.0
2017-10-10,333600.554,709061.6,1.036,1042662.154,1.042662,1000000.0
2017-10-11,333600.554,710474.4,1.043,1044074.954,1.044075,1000000.0
2017-10-12,333600.554,714726.0,1.044,1048326.554,1.048327,1000000.0
2017-10-13,333600.554,705764.8,1.048,1039365.354,1.039365,1000000.0
2017-10-16,333600.554,721533.2,1.039,1055133.754,1.055134,1000000.0
2017-10-17,333600.554,720214.8,1.055,1053815.354,1.053815,1000000.0
2017-10-18,333600.554,727845.2,1.054,1061445.754,1.061446,1000000.0
2017-10-19,333600.554,725478.4,1.061,1059078.954,1.059079,1000000.0
2017-10-20,333600.554,716328.4,1.059,1049928.954,1.049929,1000000.0
2017-10-23,333600.554,702539.2,1.05,1036139.754,1.03614,1000000.0
2017-10-24,333600.554,711347.2,1.036,1044947.754,1.044948,1000000.0
2017-10-25,333600.554,708733.6,1.045,1042334.154,1.042334,1000000.0
2017-10-26,333600.554,702692.4,1.042,1036292.954,1.036293,1000000.0
2017-10-27,333600.554,733440.8,1.036,1067041.354,1.067041,1000000.0
2017-10-30,333600.554,730154.8,1.067,1063755.354,1.063755,1000000.0
2017-10-31,333600.554,722087.2,1.064,1055687.754,1.055688,1000000.0
2017-11-01,333600.554,714692.0,1.056,1048292.554,1.048293,1000000.0
2017-11-02,333600.554,721133.2,1.048,1054733.754,1.054734,1000000.0
2017-11-03,333600.554,716011.2,1.055,1049611.754,1.049612,1000000.0
2017-11-06,333600.554,707096.4,1.05,1040696.954,1.040697,1000000.0
2017-11-07,333600.554,735663.6,1.041,1069264.154,1.069264,1000000.0
2017-11-08,333600.554,744212.4,1.069,1077812.954,1.077813,1000000.0
2017-11-09,333600.554,751536.4,1.078,1085136.954,1.085137,1000000.0
2017-11-10,333600.554,750406.0,1.085,1084006.554,1.084007,1000000.0
2017-11-13,333600.554,779374.0,1.084,1112974.554,1.112975,1000000.0
2017-11-14,333600.554,784968.0,1.113,1118568.554,1.118569,1000000.0
2017-11-15,333600.554,781600.0,1.119,1115200.554,1.115201,1000000.0
2017-11-16,333600.554,791468.0,1.115,1125068.554,1.125069,1000000.0
2017-11-17,333600.554,808050.4,1.125,1141650.954,1.141651,1000000.0
2017-11-20,333600.554,860558.0,1.142,1194158.554,1.194159,1000000.0
2017-11-21,333600.554,866292.0,1.194,1199892.554,1.199893,1000000.0
2017-11-22,333600.554,896508.0,1.2,1230108.554,1.230109,1000000.0
2017-11-23,333600.554,858708.0,1.23,1192308.554,1.192309,1000000.0
2017-11-24,333600.554,867574.8,1.192,1201175.354,1.201175,1000000.0
2017-11-27,333600.554,841610.4,1.201,1175210.954,1.175211,1000000.0
