date,avg_price,last_price,market_value,order_book_id,quantity,symbol
2015-06-01,15.9,15.9,499260.0,000001.XSHE,31400.0,平安银行
2015-06-01,18.83,18.83,199598.0,600036.XSHG,10600.0,招商银行
2015-06-02,15.9,15.77,495178.0,000001.XSHE,31400.0,平安银行
2015-06-02,18.83,18.95,200870.0,600036.XSHG,10600.0,招商银行
2015-06-03,15.9,15.83,497062.0,000001.XSHE,31400.0,平安银行
2015-06-03,18.83,19.45,206170.0,600036.XSHG,10600.0,招商银行
2015-06-04,15.9,16.37,514018.0,000001.XSHE,31400.0,平安银行
2015-06-04,18.83,20.44,216664.0,600036.XSHG,10600.0,招商银行
2015-06-05,15.9,16.3,511820.0,000001.XSHE,31400.0,平安银行
2015-06-05,18.83,19.99,211894.0,600036.XSHG,10600.0,招商银行
2015-06-08,15.9,17.29,542906.0,000001.XSHE,31400.0,平安银行
2015-06-08,18.83,21.13,223978.0,600036.XSHG,10600.0,招商银行
2015-06-09,15.9,16.98,533172.0,000001.XSHE,31400.0,平安银行
2015-06-09,18.83,20.83,220798.0,600036.XSHG,10600.0,招商银行
2015-06-10,15.9,16.68,523752.0,000001.XSHE,31400.0,平安银行
2015-06-10,18.83,20.47,216982.0,600036.XSHG,10600.0,招商银行
2015-06-11,15.9,16.48,517472.0,000001.XSHE,31400.0,平安银行
2015-06-11,18.83,20.36,215816.0,600036.XSHG,10600.0,招商银行
2015-06-12,15.9,16.51,518414.0,000001.XSHE,31400.0,平安银行
2015-06-12,18.83,20.31,215286.0,600036.XSHG,10600.0,招商银行
2015-06-15,15.9,15.92,499888.0,000001.XSHE,31400.0,平安银行
2015-06-15,18.83,19.5,206700.0,600036.XSHG,10600.0,招商银行
2015-06-16,15.9,15.64,491096.0,000001.XSHE,31400.0,平安银行
2015-06-16,18.83,19.29,204474.0,600036.XSHG,10600.0,招商银行
2015-06-17,15.9,15.73,493922.0,000001.XSHE,31400.0,平安银行
2015-06-17,18.83,19.43,205958.0,600036.XSHG,10600.0,招商银行
2015-06-18,15.9,15.38,482932.0,000001.XSHE,31400.0,平安银行
2015-06-18,18.83,18.79,199174.0,600036.XSHG,10600.0,招商银行
2015-06-19,15.9,14.63,459382.0,000001.XSHE,31400.0,平安银行
2015-06-19,18.83,18.0,190800.0,600036.XSHG,10600.0,招商银行
2015-06-23,15.9,14.95,469430.0,000001.XSHE,31400.0,平安银行
2015-06-23,18.83,18.87,200022.0,600036.XSHG,10600.0,招商银行
2015-06-24,15.9,15.12,474768.0,000001.XSHE,31400.0,平安银行
2015-06-24,18.83,18.93,200658.0,600036.XSHG,10600.0,招商银行
2015-06-25,15.9,14.87,466918.0,000001.XSHE,31400.0,平安银行
2015-06-25,18.83,18.44,195464.0,600036.XSHG,10600.0,招商银行
2015-06-26,15.9,13.77,432378.0,000001.XSHE,31400.0,平安银行
2015-06-26,18.83,17.4,184440.0,600036.XSHG,10600.0,招商银行
2015-06-29,15.9,13.56,425784.0,000001.XSHE,31400.0,平安银行
2015-06-29,18.83,17.43,184758.0,600036.XSHG,10600.0,招商银行
2015-06-30,15.9,14.54,456556.0,000001.XSHE,31400.0,平安银行
2015-06-30,18.83,18.72,198432.0,600036.XSHG,10600.0,招商银行
2015-07-01,15.9,13.92,437088.0,000001.XSHE,31400.0,平安银行
2015-07-01,18.83,18.21,193026.0,600036.XSHG,10600.0,招商银行
2015-07-02,15.9,13.75,431750.0,000001.XSHE,31400.0,平安银行
2015-07-02,18.83,18.65,197690.0,600036.XSHG,10600.0,招商银行
2015-07-03,15.9,13.07,410398.0,000001.XSHE,31400.0,平安银行
2015-07-03,18.16,17.61,186666.0,600036.XSHG,10600.0,招商银行
2015-07-06,15.9,13.88,435832.0,000001.XSHE,31400.0,平安银行
2015-07-06,18.16,18.82,199492.0,600036.XSHG,10600.0,招商银行
2015-07-07,15.9,14.65,460010.0,000001.XSHE,31400.0,平安银行
2015-07-07,18.16,20.21,214226.0,600036.XSHG,10600.0,招商银行
2015-07-08,15.9,13.19,414166.0,000001.XSHE,31400.0,平安银行
2015-07-08,18.16,18.41,195146.0,600036.XSHG,10600.0,招商银行
2015-07-09,15.9,14.26,447764.0,000001.XSHE,31400.0,平安银行
2015-07-09,18.16,19.0,201400.0,600036.XSHG,10600.0,招商银行
2015-07-10,15.9,14.86,466604.0,000001.XSHE,31400.0,平安银行
2015-07-10,18.16,18.99,201294.0,600036.XSHG,10600.0,招商银行
2015-07-13,15.9,14.44,453416.0,000001.XSHE,31400.0,平安银行
2015-07-13,18.16,18.31,194086.0,600036.XSHG,10600.0,招商银行
2015-07-14,15.9,13.87,435518.0,000001.XSHE,31400.0,平安银行
2015-07-14,18.16,17.87,189422.0,600036.XSHG,10600.0,招商银行
2015-07-15,15.9,13.58,426412.0,000001.XSHE,31400.0,平安银行
2015-07-15,18.16,18.48,195888.0,600036.XSHG,10600.0,招商银行
2015-07-16,15.9,13.6,427040.0,000001.XSHE,31400.0,平安银行
2015-07-16,18.16,18.15,192390.0,600036.XSHG,10600.0,招商银行
2015-07-17,15.9,13.82,433948.0,000001.XSHE,31400.0,平安银行
2015-07-17,18.16,18.36,194616.0,600036.XSHG,10600.0,招商银行
2015-07-20,15.9,13.6,427040.0,000001.XSHE,31400.0,平安银行
2015-07-20,18.16,18.44,195464.0,600036.XSHG,10600.0,招商银行
2015-07-21,15.9,13.57,426098.0,000001.XSHE,31400.0,平安银行
2015-07-21,18.16,18.08,191648.0,600036.XSHG,10600.0,招商银行
2015-07-22,15.9,13.52,424528.0,000001.XSHE,31400.0,平安银行
2015-07-22,18.16,17.85,189210.0,600036.XSHG,10600.0,招商银行
2015-07-23,15.9,13.67,429238.0,000001.XSHE,31400.0,平安银行
2015-07-23,18.16,17.94,190164.0,600036.XSHG,10600.0,招商银行
2015-07-24,15.9,13.38,420132.0,000001.XSHE,31400.0,平安银行
2015-07-24,18.16,17.9,189740.0,600036.XSHG,10600.0,招商银行
2015-07-27,15.9,12.44,390616.0,000001.XSHE,31400.0,平安银行
2015-07-27,18.16,16.7,177020.0,600036.XSHG,10600.0,招商银行
2015-07-28,15.9,12.62,396268.0,000001.XSHE,31400.0,平安银行
2015-07-28,18.16,17.04,180624.0,600036.XSHG,10600.0,招商银行
2015-07-29,15.9,12.6,395640.0,000001.XSHE,31400.0,平安银行
2015-07-29,18.16,17.16,181896.0,600036.XSHG,10600.0,招商银行
2015-07-30,15.9,12.26,384964.0,000001.XSHE,31400.0,平安银行
2015-07-30,18.16,16.98,179988.0,600036.XSHG,10600.0,招商银行
2015-07-31,15.9,12.36,388104.0,000001.XSHE,31400.0,平安银行
2015-07-31,18.16,17.3,183380.0,600036.XSHG,10600.0,招商银行
2015-08-03,15.9,12.82,402548.0,000001.XSHE,31400.0,平安银行
2015-08-03,18.16,18.09,191754.0,600036.XSHG,10600.0,招商银行
2015-08-04,15.9,12.86,403804.0,000001.XSHE,31400.0,平安银行
2015-08-04,18.16,18.15,192390.0,600036.XSHG,10600.0,招商银行
2015-08-05,15.9,12.59,395326.0,000001.XSHE,31400.0,平安银行
2015-08-05,18.16,17.91,189846.0,600036.XSHG,10600.0,招商银行
2015-08-06,15.9,12.53,393442.0,000001.XSHE,31400.0,平安银行
2015-08-06,18.16,18.12,192072.0,600036.XSHG,10600.0,招商银行
2015-08-07,15.9,12.61,395954.0,000001.XSHE,31400.0,平安银行
2015-08-07,18.16,18.29,193874.0,600036.XSHG,10600.0,招商银行
2015-08-10,15.9,12.92,405688.0,000001.XSHE,31400.0,平安银行
2015-08-10,18.16,18.62,197372.0,600036.XSHG,10600.0,招商银行
2015-08-11,15.9,12.84,403176.0,000001.XSHE,31400.0,平安银行
2015-08-11,18.16,18.2,192920.0,600036.XSHG,10600.0,招商银行
2015-08-12,15.9,12.57,394698.0,000001.XSHE,31400.0,平安银行
2015-08-12,18.16,17.9,189740.0,600036.XSHG,10600.0,招商银行
2015-08-13,15.9,12.57,394698.0,000001.XSHE,31400.0,平安银行
2015-08-13,18.16,17.85,189210.0,600036.XSHG,10600.0,招商银行
2015-08-14,15.9,12.64,396896.0,000001.XSHE,31400.0,平安银行
2015-08-14,18.16,17.74,188044.0,600036.XSHG,10600.0,招商银行
2015-08-17,15.9,12.54,393756.0,000001.XSHE,31400.0,平安银行
2015-08-17,18.16,17.33,183698.0,600036.XSHG,10600.0,招商银行
2015-08-18,15.9,12.27,385278.0,000001.XSHE,31400.0,平安银行
2015-08-18,18.16,16.8,178080.0,600036.XSHG,10600.0,招商银行
2015-08-19,15.9,12.23,384022.0,000001.XSHE,31400.0,平安银行
2015-08-19,18.16,17.13,181578.0,600036.XSHG,10600.0,招商银行
2015-08-20,15.9,12.05,378370.0,000001.XSHE,31400.0,平安银行
2015-08-20,18.16,16.81,178186.0,600036.XSHG,10600.0,招商银行
2015-08-21,15.9,11.5,361100.0,000001.XSHE,31400.0,平安银行
2015-08-21,18.16,16.54,175324.0,600036.XSHG,10600.0,招商银行
2015-08-24,15.9,10.35,324990.0,000001.XSHE,31400.0,平安银行
2015-08-24,18.16,14.98,158788.0,600036.XSHG,10600.0,招商银行
2015-08-25,15.9,9.46,297044.0,000001.XSHE,31400.0,平安银行
2015-08-25,18.16,14.71,155926.0,600036.XSHG,10600.0,招商银行
2015-08-26,15.9,9.91,311174.0,000001.XSHE,31400.0,平安银行
2015-08-26,18.16,16.09,170554.0,600036.XSHG,10600.0,招商银行
2015-08-27,15.9,10.8,339120.0,000001.XSHE,31400.0,平安银行
2015-08-27,18.16,17.63,186878.0,600036.XSHG,10600.0,招商银行
2015-08-28,15.9,10.83,340062.0,000001.XSHE,31400.0,平安银行
2015-08-28,18.16,17.3,183380.0,600036.XSHG,10600.0,招商银行
2015-08-31,15.9,11.07,347598.0,000001.XSHE,31400.0,平安银行
2015-08-31,18.16,17.05,180730.0,600036.XSHG,10600.0,招商银行
2015-09-01,15.9,11.57,363298.0,000001.XSHE,31400.0,平安银行
2015-09-01,18.16,16.84,178504.0,600036.XSHG,10600.0,招商银行
2015-09-02,15.9,11.84,371776.0,000001.XSHE,31400.0,平安银行
2015-09-02,18.16,16.77,177762.0,600036.XSHG,10600.0,招商银行
2015-09-07,15.9,10.89,341946.0,000001.XSHE,31400.0,平安银行
2015-09-07,18.16,16.16,171296.0,600036.XSHG,10600.0,招商银行
2015-09-08,15.9,11.0,345400.0,000001.XSHE,31400.0,平安银行
2015-09-08,18.16,16.65,176490.0,600036.XSHG,10600.0,招商银行
2015-09-09,15.9,11.1,348540.0,000001.XSHE,31400.0,平安银行
2015-09-09,18.16,16.75,177550.0,600036.XSHG,10600.0,招商银行
2015-09-10,15.9,11.05,346970.0,000001.XSHE,31400.0,平安银行
2015-09-10,18.16,17.29,183274.0,600036.XSHG,10600.0,招商银行
2015-09-11,15.9,10.96,344144.0,000001.XSHE,31400.0,平安银行
2015-09-11,18.16,17.12,181472.0,600036.XSHG,10600.0,招商银行
2015-09-14,15.9,10.87,341318.0,000001.XSHE,31400.0,平安银行
2015-09-14,18.16,18.35,194510.0,600036.XSHG,10600.0,招商银行
2015-09-15,15.9,10.57,331898.0,000001.XSHE,31400.0,平安银行
2015-09-15,18.16,18.01,190906.0,600036.XSHG,10600.0,招商银行
2015-09-16,15.9,10.9,342260.0,000001.XSHE,31400.0,平安银行
2015-09-16,18.16,17.88,189528.0,600036.XSHG,10600.0,招商银行
2015-09-17,15.9,10.77,338178.0,000001.XSHE,31400.0,平安银行
2015-09-17,18.16,17.56,186136.0,600036.XSHG,10600.0,招商银行
2015-09-18,15.9,10.81,339434.0,000001.XSHE,31400.0,平安银行
2015-09-18,18.16,17.71,187726.0,600036.XSHG,10600.0,招商银行
2015-09-21,15.9,10.82,339748.0,000001.XSHE,31400.0,平安银行
2015-09-21,18.16,17.57,186242.0,600036.XSHG,10600.0,招商银行
2015-09-22,15.9,10.96,344144.0,000001.XSHE,31400.0,平安银行
2015-09-22,18.16,17.96,190376.0,600036.XSHG,10600.0,招商银行
2015-09-23,15.9,10.7,335980.0,000001.XSHE,31400.0,平安银行
2015-09-23,18.16,17.73,187938.0,600036.XSHG,10600.0,招商银行
2015-09-24,15.9,10.71,336294.0,000001.XSHE,31400.0,平安银行
2015-09-24,18.16,17.52,185712.0,600036.XSHG,10600.0,招商银行
2015-09-25,15.9,10.55,331270.0,000001.XSHE,31400.0,平安银行
2015-09-25,18.16,17.72,187832.0,600036.XSHG,10600.0,招商银行
2015-09-28,15.9,10.53,330642.0,000001.XSHE,31400.0,平安银行
2015-09-28,18.16,17.51,185606.0,600036.XSHG,10600.0,招商银行
2015-09-29,15.9,10.38,325932.0,000001.XSHE,31400.0,平安银行
2015-09-29,18.16,17.44,184864.0,600036.XSHG,10600.0,招商银行
2015-09-30,15.9,10.49,329386.0,000001.XSHE,31400.0,平安银行
2015-09-30,18.16,17.77,188362.0,600036.XSHG,10600.0,招商银行
2015-10-08,15.9,10.7,335980.0,000001.XSHE,31400.0,平安银行
2015-10-08,18.16,17.73,187938.0,600036.XSHG,10600.0,招商银行
2015-10-09,15.9,10.9,342260.0,000001.XSHE,31400.0,平安银行
2015-10-09,18.16,17.96,190376.0,600036.XSHG,10600.0,招商银行
2015-10-12,15.9,11.23,352622.0,000001.XSHE,31400.0,平安银行
2015-10-12,18.16,18.19,192814.0,600036.XSHG,10600.0,招商银行
2015-10-13,15.9,11.13,349482.0,000001.XSHE,31400.0,平安银行
2015-10-13,18.16,18.06,191436.0,600036.XSHG,10600.0,招商银行
2015-10-14,15.9,10.98,344772.0,000001.XSHE,31400.0,平安银行
2015-10-14,18.16,17.85,189210.0,600036.XSHG,10600.0,招商银行
2015-10-15,15.9,11.17,350738.0,000001.XSHE,31400.0,平安银行
2015-10-15,18.16,18.34,194404.0,600036.XSHG,10600.0,招商银行
2015-10-16,15.9,11.23,352622.0,000001.XSHE,31400.0,平安银行
2015-10-16,18.16,18.58,196948.0,600036.XSHG,10600.0,招商银行
2015-10-19,15.9,11.26,353564.0,000001.XSHE,31400.0,平安银行
2015-10-19,18.16,18.25,193450.0,600036.XSHG,10600.0,招商银行
2015-10-20,15.9,11.32,355448.0,000001.XSHE,31400.0,平安银行
2015-10-20,18.16,18.22,193132.0,600036.XSHG,10600.0,招商银行
2015-10-21,15.9,11.22,352308.0,000001.XSHE,31400.0,平安银行
2015-10-21,18.16,18.69,198114.0,600036.XSHG,10600.0,招商银行
2015-10-22,15.9,11.33,355762.0,000001.XSHE,31400.0,平安银行
2015-10-22,18.16,18.29,193874.0,600036.XSHG,10600.0,招商银行
2015-10-23,15.9,11.47,360158.0,000001.XSHE,31400.0,平安银行
2015-10-23,18.16,18.19,192814.0,600036.XSHG,10600.0,招商银行
2015-10-26,15.9,11.52,361728.0,000001.XSHE,31400.0,平安银行
2015-10-26,18.16,18.07,191542.0,600036.XSHG,10600.0,招商银行
2015-10-27,15.9,11.48,360472.0,000001.XSHE,31400.0,平安银行
2015-10-27,18.16,18.04,191224.0,600036.XSHG,10600.0,招商银行
2015-10-28,15.9,11.27,353878.0,000001.XSHE,31400.0,平安银行
2015-10-28,18.16,17.86,189316.0,600036.XSHG,10600.0,招商银行
2015-10-29,15.9,11.27,353878.0,000001.XSHE,31400.0,平安银行
2015-10-29,18.16,17.81,188786.0,600036.XSHG,10600.0,招商银行
2015-10-30,15.9,11.36,356704.0,000001.XSHE,31400.0,平安银行
2015-10-30,18.16,17.93,190058.0,600036.XSHG,10600.0,招商银行
2015-11-02,15.9,11.14,349796.0,000001.XSHE,31400.0,平安银行
2015-11-02,18.16,17.83,188998.0,600036.XSHG,10600.0,招商银行
2015-11-03,15.9,11.05,346970.0,000001.XSHE,31400.0,平安银行
2015-11-03,18.16,17.9,189740.0,600036.XSHG,10600.0,招商银行
2015-11-04,15.9,11.69,367066.0,000001.XSHE,31400.0,平安银行
2015-11-04,18.16,18.36,194616.0,600036.XSHG,10600.0,招商银行
2015-11-05,15.9,12.07,378998.0,000001.XSHE,31400.0,平安银行
2015-11-05,18.16,18.57,196842.0,600036.XSHG,10600.0,招商银行
2015-11-06,15.9,12.39,389046.0,000001.XSHE,31400.0,平安银行
2015-11-06,18.16,18.68,198008.0,600036.XSHG,10600.0,招商银行
2015-11-09,15.9,12.94,406316.0,000001.XSHE,31400.0,平安银行
2015-11-09,18.16,19.08,202248.0,600036.XSHG,10600.0,招商银行
2015-11-10,15.9,12.75,400350.0,000001.XSHE,31400.0,平安银行
2015-11-10,18.16,18.64,197584.0,600036.XSHG,10600.0,招商银行
2015-11-11,15.9,12.55,394070.0,000001.XSHE,31400.0,平安银行
2015-11-11,18.16,18.44,195464.0,600036.XSHG,10600.0,招商银行
2015-11-12,15.9,12.4,389360.0,000001.XSHE,31400.0,平安银行
2015-11-12,18.16,18.27,193662.0,600036.XSHG,10600.0,招商银行
2015-11-13,15.9,12.24,384336.0,000001.XSHE,31400.0,平安银行
2015-11-13,18.16,18.14,192284.0,600036.XSHG,10600.0,招商银行
2015-11-16,15.9,12.34,387476.0,000001.XSHE,31400.0,平安银行
2015-11-16,18.16,18.1,191860.0,600036.XSHG,10600.0,招商银行
2015-11-17,15.9,12.5,392500.0,000001.XSHE,31400.0,平安银行
2015-11-17,18.16,18.14,192284.0,600036.XSHG,10600.0,招商银行
2015-11-18,15.9,12.42,389988.0,000001.XSHE,31400.0,平安银行
2015-11-18,18.16,18.16,192496.0,600036.XSHG,10600.0,招商银行
2015-11-19,15.9,12.5,392500.0,000001.XSHE,31400.0,平安银行
2015-11-19,18.16,18.2,192920.0,600036.XSHG,10600.0,招商银行
2015-11-20,15.9,12.55,394070.0,000001.XSHE,31400.0,平安银行
2015-11-20,18.16,18.15,192390.0,600036.XSHG,10600.0,招商银行
2015-11-23,15.9,12.45,390930.0,000001.XSHE,31400.0,平安银行
2015-11-23,18.16,18.19,192814.0,600036.XSHG,10600.0,招商银行
2015-11-24,15.9,12.28,385592.0,000001.XSHE,31400.0,平安银行
2015-11-24,18.16,17.88,189528.0,600036.XSHG,10600.0,招商银行
2015-11-25,15.9,12.32,386848.0,000001.XSHE,31400.0,平安银行
2015-11-25,18.16,17.73,187938.0,600036.XSHG,10600.0,招商银行
2015-11-26,15.9,12.23,384022.0,000001.XSHE,31400.0,平安银行
2015-11-26,18.16,17.53,185818.0,600036.XSHG,10600.0,招商银行
2015-11-27,15.9,11.73,368322.0,000001.XSHE,31400.0,平安银行
2015-11-27,18.16,17.04,180624.0,600036.XSHG,10600.0,招商银行
2015-11-30,15.9,11.74,368636.0,000001.XSHE,31400.0,平安银行
2015-11-30,18.16,17.2,182320.0,600036.XSHG,10600.0,招商银行
2015-12-01,15.9,11.75,368950.0,000001.XSHE,31400.0,平安银行
2015-12-01,18.16,17.11,181366.0,600036.XSHG,10600.0,招商银行
2015-12-02,15.9,12.51,392814.0,000001.XSHE,31400.0,平安银行
2015-12-02,18.16,17.91,189846.0,600036.XSHG,10600.0,招商银行
2015-12-03,15.9,12.45,390930.0,000001.XSHE,31400.0,平安银行
2015-12-03,18.16,17.78,188468.0,600036.XSHG,10600.0,招商银行
2015-12-04,15.9,12.12,380568.0,000001.XSHE,31400.0,平安银行
2015-12-04,18.16,17.25,182850.0,600036.XSHG,10600.0,招商银行
2015-12-07,15.9,12.15,381510.0,000001.XSHE,31400.0,平安银行
2015-12-07,18.16,17.39,184334.0,600036.XSHG,10600.0,招商银行
2015-12-08,15.9,11.96,375544.0,000001.XSHE,31400.0,平安银行
2015-12-08,18.16,17.42,184652.0,600036.XSHG,10600.0,招商银行
2015-12-09,15.9,11.99,376486.0,000001.XSHE,31400.0,平安银行
2015-12-09,18.16,17.39,184334.0,600036.XSHG,10600.0,招商银行
2015-12-10,15.9,11.96,375544.0,000001.XSHE,31400.0,平安银行
2015-12-10,18.16,17.26,182956.0,600036.XSHG,10600.0,招商银行
2015-12-11,15.9,11.83,371462.0,000001.XSHE,31400.0,平安银行
2015-12-11,18.16,16.92,179352.0,600036.XSHG,10600.0,招商银行
2015-12-14,15.9,12.07,378998.0,000001.XSHE,31400.0,平安银行
2015-12-14,18.16,17.06,180836.0,600036.XSHG,10600.0,招商银行
2015-12-15,15.9,11.92,374288.0,000001.XSHE,31400.0,平安银行
2015-12-15,18.16,17.03,180518.0,600036.XSHG,10600.0,招商银行
2015-12-16,15.9,11.89,373346.0,000001.XSHE,31400.0,平安银行
2015-12-16,18.16,16.96,179776.0,600036.XSHG,10600.0,招商银行
2015-12-17,15.9,12.07,378998.0,000001.XSHE,31400.0,平安银行
2015-12-17,18.16,17.1,181260.0,600036.XSHG,10600.0,招商银行
2015-12-18,15.9,12.23,384022.0,000001.XSHE,31400.0,平安银行
2015-12-18,18.16,17.52,185712.0,600036.XSHG,10600.0,招商银行
2015-12-21,15.9,12.51,392814.0,000001.XSHE,31400.0,平安银行
2015-12-21,18.16,18.23,193238.0,600036.XSHG,10600.0,招商银行
2015-12-22,15.9,12.43,390302.0,000001.XSHE,31400.0,平安银行
2015-12-22,18.16,18.27,193662.0,600036.XSHG,10600.0,招商银行
2015-12-23,15.9,12.48,391872.0,000001.XSHE,31400.0,平安银行
2015-12-23,18.16,18.19,192814.0,600036.XSHG,10600.0,招商银行
2015-12-24,15.9,12.34,387476.0,000001.XSHE,31400.0,平安银行
2015-12-24,18.16,18.14,192284.0,600036.XSHG,10600.0,招商银行
2015-12-25,15.9,12.41,389674.0,000001.XSHE,31400.0,平安银行
2015-12-25,18.16,18.33,194298.0,600036.XSHG,10600.0,招商银行
2015-12-28,15.9,11.98,376172.0,000001.XSHE,31400.0,平安银行
2015-12-28,18.16,17.84,189104.0,600036.XSHG,10600.0,招商银行
2015-12-29,15.9,12.09,379626.0,000001.XSHE,31400.0,平安银行
2015-12-29,18.16,17.94,190164.0,600036.XSHG,10600.0,招商银行
2015-12-30,15.9,12.1,379940.0,000001.XSHE,31400.0,平安银行
2015-12-30,18.16,18.26,193556.0,600036.XSHG,10600.0,招商银行
2015-12-31,15.9,11.99,376486.0,000001.XSHE,31400.0,平安银行
2015-12-31,18.16,17.99,190694.0,600036.XSHG,10600.0,招商银行
2016-01-04,15.9,11.33,355762.0,000001.XSHE,31400.0,平安银行
2016-01-04,18.16,17.28,183168.0,600036.XSHG,10600.0,招商银行
2016-01-05,15.9,11.4,357960.0,000001.XSHE,31400.0,平安银行
2016-01-05,18.16,17.23,182638.0,600036.XSHG,10600.0,招商银行
2016-01-06,15.9,11.53,362042.0,000001.XSHE,31400.0,平安银行
2016-01-06,18.16,17.31,183486.0,600036.XSHG,10600.0,招商银行
2016-01-07,15.9,10.94,343516.0,000001.XSHE,31400.0,平安银行
2016-01-07,18.16,16.67,176702.0,600036.XSHG,10600.0,招商银行
2016-01-08,15.9,11.12,349168.0,000001.XSHE,31400.0,平安银行
2016-01-08,18.16,16.81,178186.0,600036.XSHG,10600.0,招商银行
2016-01-11,15.9,10.76,337864.0,000001.XSHE,31400.0,平安银行
2016-01-11,18.16,16.04,170024.0,600036.XSHG,10600.0,招商银行
2016-01-12,15.9,10.81,339434.0,000001.XSHE,31400.0,平安银行
2016-01-12,18.16,15.98,169388.0,600036.XSHG,10600.0,招商银行
2016-01-13,15.9,10.71,336294.0,000001.XSHE,31400.0,平安银行
2016-01-13,18.16,15.87,168222.0,600036.XSHG,10600.0,招商银行
2016-01-14,15.9,10.77,338178.0,000001.XSHE,31400.0,平安银行
2016-01-14,18.16,15.89,168434.0,600036.XSHG,10600.0,招商银行
2016-01-15,15.9,10.46,328444.0,000001.XSHE,31400.0,平安银行
2016-01-15,18.16,15.48,164088.0,600036.XSHG,10600.0,招商银行
2016-01-18,15.9,10.41,326874.0,000001.XSHE,31400.0,平安银行
2016-01-18,18.16,15.42,163452.0,600036.XSHG,10600.0,招商银行
2016-01-19,15.9,10.71,336294.0,000001.XSHE,31400.0,平安银行
2016-01-19,18.16,15.71,166526.0,600036.XSHG,10600.0,招商银行
2016-01-20,15.9,10.54,330956.0,000001.XSHE,31400.0,平安银行
2016-01-20,18.16,15.52,164512.0,600036.XSHG,10600.0,招商银行
2016-01-21,15.9,10.32,324048.0,000001.XSHE,31400.0,平安银行
2016-01-21,18.16,15.3,162180.0,600036.XSHG,10600.0,招商银行
2016-01-22,15.9,10.4,326560.0,000001.XSHE,31400.0,平安银行
2016-01-22,18.16,15.28,161968.0,600036.XSHG,10600.0,招商银行
2016-01-25,15.9,10.37,325618.0,000001.XSHE,31400.0,平安银行
2016-01-25,18.16,15.48,164088.0,600036.XSHG,10600.0,招商银行
2016-01-26,15.9,9.87,309918.0,000001.XSHE,31400.0,平安银行
2016-01-26,18.16,14.86,157516.0,600036.XSHG,10600.0,招商银行
2016-01-27,15.9,9.88,310232.0,000001.XSHE,31400.0,平安银行
2016-01-27,18.16,15.0,159000.0,600036.XSHG,10600.0,招商银行
2016-01-28,15.9,9.69,304266.0,000001.XSHE,31400.0,平安银行
2016-01-28,18.16,14.72,156032.0,600036.XSHG,10600.0,招商银行
2016-01-29,15.9,10.0,314000.0,000001.XSHE,31400.0,平安银行
2016-01-29,18.16,14.99,158894.0,600036.XSHG,10600.0,招商银行
2016-02-01,15.9,9.8,307720.0,000001.XSHE,31400.0,平安银行
2016-02-01,18.16,14.72,156032.0,600036.XSHG,10600.0,招商银行
2016-02-02,15.9,9.95,312430.0,000001.XSHE,31400.0,平安银行
2016-02-02,18.16,14.85,157410.0,600036.XSHG,10600.0,招商银行
2016-02-03,15.9,9.85,309290.0,000001.XSHE,31400.0,平安银行
2016-02-03,18.16,14.67,155502.0,600036.XSHG,10600.0,招商银行
2016-02-04,15.9,9.95,312430.0,000001.XSHE,31400.0,平安银行
2016-02-04,18.16,14.88,157728.0,600036.XSHG,10600.0,招商银行
2016-02-05,15.9,9.92,311488.0,000001.XSHE,31400.0,平安银行
2016-02-05,18.16,14.86,157516.0,600036.XSHG,10600.0,招商银行
2016-02-15,15.9,9.79,307406.0,000001.XSHE,31400.0,平安银行
2016-02-15,18.16,14.66,155396.0,600036.XSHG,10600.0,招商银行
2016-02-16,15.9,10.01,314314.0,000001.XSHE,31400.0,平安银行
2016-02-16,18.16,14.94,158364.0,600036.XSHG,10600.0,招商银行
2016-02-17,15.9,10.15,318710.0,000001.XSHE,31400.0,平安银行
2016-02-17,18.16,15.03,159318.0,600036.XSHG,10600.0,招商银行
2016-02-18,15.9,10.09,316826.0,000001.XSHE,31400.0,平安银行
2016-02-18,18.16,14.9,157940.0,600036.XSHG,10600.0,招商银行
2016-02-19,15.9,10.04,315256.0,000001.XSHE,31400.0,平安银行
2016-02-19,18.16,14.75,156350.0,600036.XSHG,10600.0,招商银行
2016-02-22,15.9,10.29,323106.0,000001.XSHE,31400.0,平安银行
2016-02-22,18.16,15.01,159106.0,600036.XSHG,10600.0,招商银行
2016-02-23,15.9,10.12,317768.0,000001.XSHE,31400.0,平安银行
2016-02-23,18.16,14.83,157198.0,600036.XSHG,10600.0,招商银行
2016-02-24,15.9,10.15,318710.0,000001.XSHE,31400.0,平安银行
2016-02-24,18.16,14.81,156986.0,600036.XSHG,10600.0,招商银行
2016-02-25,15.9,9.67,303638.0,000001.XSHE,31400.0,平安银行
2016-02-25,18.16,14.25,151050.0,600036.XSHG,10600.0,招商银行
2016-02-26,15.9,9.79,307406.0,000001.XSHE,31400.0,平安银行
2016-02-26,18.16,14.45,153170.0,600036.XSHG,10600.0,招商银行
2016-02-29,15.9,9.56,300184.0,000001.XSHE,31400.0,平安银行
2016-02-29,18.16,14.56,154336.0,600036.XSHG,10600.0,招商银行
2016-03-01,15.9,9.7,304580.0,000001.XSHE,31400.0,平安银行
2016-03-01,18.16,14.65,155290.0,600036.XSHG,10600.0,招商银行
2016-03-02,15.9,10.1,317140.0,000001.XSHE,31400.0,平安银行
2016-03-02,18.16,14.96,158576.0,600036.XSHG,10600.0,招商银行
2016-03-03,15.9,10.11,317454.0,000001.XSHE,31400.0,平安银行
2016-03-03,18.16,15.15,160590.0,600036.XSHG,10600.0,招商银行
2016-03-04,15.9,10.4,326560.0,000001.XSHE,31400.0,平安银行
2016-03-04,18.16,15.97,169282.0,600036.XSHG,10600.0,招商银行
2016-03-07,15.9,10.34,324676.0,000001.XSHE,31400.0,平安银行
2016-03-07,18.16,15.78,167268.0,600036.XSHG,10600.0,招商银行
2016-03-08,15.9,10.28,322792.0,000001.XSHE,31400.0,平安银行
2016-03-08,18.16,15.96,169176.0,600036.XSHG,10600.0,招商银行
2016-03-09,15.9,10.17,319338.0,000001.XSHE,31400.0,平安银行
2016-03-09,18.16,16.05,170130.0,600036.XSHG,10600.0,招商银行
2016-03-10,15.9,10.15,318710.0,000001.XSHE,31400.0,平安银行
2016-03-10,18.16,15.66,165996.0,600036.XSHG,10600.0,招商银行
2016-03-11,15.9,10.16,319024.0,000001.XSHE,31400.0,平安银行
2016-03-11,18.16,15.76,167056.0,600036.XSHG,10600.0,招商银行
2016-03-14,15.9,10.26,322164.0,000001.XSHE,31400.0,平安银行
2016-03-14,18.16,15.72,166632.0,600036.XSHG,10600.0,招商银行
2016-03-15,15.9,10.32,324048.0,000001.XSHE,31400.0,平安银行
2016-03-15,18.16,15.86,168116.0,600036.XSHG,10600.0,招商银行
2016-03-16,15.9,10.35,324990.0,000001.XSHE,31400.0,平安银行
2016-03-16,18.16,16.42,174052.0,600036.XSHG,10600.0,招商银行
2016-03-17,15.9,10.42,327188.0,000001.XSHE,31400.0,平安银行
2016-03-17,18.16,16.23,172038.0,600036.XSHG,10600.0,招商银行
2016-03-18,15.9,10.54,330956.0,000001.XSHE,31400.0,平安银行
2016-03-18,18.16,16.17,171402.0,600036.XSHG,10600.0,招商银行
2016-03-21,15.9,10.8,339120.0,000001.XSHE,31400.0,平安银行
2016-03-21,18.16,16.22,171932.0,600036.XSHG,10600.0,招商银行
2016-03-22,15.9,10.72,336608.0,000001.XSHE,31400.0,平安银行
2016-03-22,18.16,16.19,171614.0,600036.XSHG,10600.0,招商银行
2016-03-23,15.9,10.7,335980.0,000001.XSHE,31400.0,平安银行
2016-03-23,18.16,16.18,171508.0,600036.XSHG,10600.0,招商银行
2016-03-24,15.9,10.52,330328.0,000001.XSHE,31400.0,平安银行
2016-03-24,18.16,16.11,170766.0,600036.XSHG,10600.0,招商银行
2016-03-25,15.9,10.59,332526.0,000001.XSHE,31400.0,平安银行
2016-03-25,18.16,16.13,170978.0,600036.XSHG,10600.0,招商银行
2016-03-28,15.9,10.48,329072.0,000001.XSHE,31400.0,平安银行
2016-03-28,18.16,15.85,168010.0,600036.XSHG,10600.0,招商银行
2016-03-29,15.9,10.43,327502.0,000001.XSHE,31400.0,平安银行
2016-03-29,18.16,15.79,167374.0,600036.XSHG,10600.0,招商银行
2016-03-30,15.9,10.7,335980.0,000001.XSHE,31400.0,平安银行
2016-03-30,18.16,16.24,172144.0,600036.XSHG,10600.0,招商银行
2016-03-31,15.9,10.64,334096.0,000001.XSHE,31400.0,平安银行
2016-03-31,18.16,16.09,170554.0,600036.XSHG,10600.0,招商银行
2016-04-01,15.9,10.66,334724.0,000001.XSHE,31400.0,平安银行
2016-04-01,18.16,16.27,172462.0,600036.XSHG,10600.0,招商银行
2016-04-05,15.9,10.7,335980.0,000001.XSHE,31400.0,平安银行
2016-04-05,18.16,16.34,173204.0,600036.XSHG,10600.0,招商银行
2016-04-06,15.9,10.72,336608.0,000001.XSHE,31400.0,平安银行
2016-04-06,18.16,16.26,172356.0,600036.XSHG,10600.0,招商银行
2016-04-07,15.9,10.59,332526.0,000001.XSHE,31400.0,平安银行
2016-04-07,18.16,16.1,170660.0,600036.XSHG,10600.0,招商银行
2016-04-08,15.9,10.57,331898.0,000001.XSHE,31400.0,平安银行
2016-04-08,18.16,16.16,171296.0,600036.XSHG,10600.0,招商银行
2016-04-11,15.9,10.72,336608.0,000001.XSHE,31400.0,平安银行
2016-04-11,18.16,16.31,172886.0,600036.XSHG,10600.0,招商银行
2016-04-12,15.9,10.67,335038.0,000001.XSHE,31400.0,平安银行
2016-04-12,18.16,16.29,172674.0,600036.XSHG,10600.0,招商银行
2016-04-13,15.9,10.81,339434.0,000001.XSHE,31400.0,平安银行
2016-04-13,18.16,16.48,174688.0,600036.XSHG,10600.0,招商银行
2016-04-14,15.9,10.84,340376.0,000001.XSHE,31400.0,平安银行
2016-04-14,18.16,16.46,174476.0,600036.XSHG,10600.0,招商银行
2016-04-15,15.9,10.88,341632.0,000001.XSHE,31400.0,平安银行
2016-04-15,18.16,16.93,179458.0,600036.XSHG,10600.0,招商银行
2016-04-18,15.9,10.73,336922.0,000001.XSHE,31400.0,平安银行
2016-04-18,18.16,17.06,180836.0,600036.XSHG,10600.0,招商银行
2016-04-19,15.9,10.77,338178.0,000001.XSHE,31400.0,平安银行
2016-04-19,18.16,17.11,181366.0,600036.XSHG,10600.0,招商银行
2016-04-20,15.9,10.52,330328.0,000001.XSHE,31400.0,平安银行
2016-04-20,18.16,17.33,183698.0,600036.XSHG,10600.0,招商银行
2016-04-21,15.9,10.51,330014.0,000001.XSHE,31400.0,平安银行
2016-04-21,18.16,17.69,187514.0,600036.XSHG,10600.0,招商银行
2016-04-22,15.9,10.55,331270.0,000001.XSHE,31400.0,平安银行
2016-04-22,18.16,17.87,189422.0,600036.XSHG,10600.0,招商银行
2016-04-25,15.9,10.5,329700.0,000001.XSHE,31400.0,平安银行
2016-04-25,18.16,17.9,189740.0,600036.XSHG,10600.0,招商银行
2016-04-26,15.9,10.59,332526.0,000001.XSHE,31400.0,平安银行
2016-04-26,18.16,17.91,189846.0,600036.XSHG,10600.0,招商银行
2016-04-27,15.9,10.57,331898.0,000001.XSHE,31400.0,平安银行
2016-04-27,18.16,17.88,189528.0,600036.XSHG,10600.0,招商银行
2016-04-28,15.9,10.66,334724.0,000001.XSHE,31400.0,平安银行
2016-04-28,18.16,17.88,189528.0,600036.XSHG,10600.0,招商银行
2016-04-29,15.9,10.57,331898.0,000001.XSHE,31400.0,平安银行
2016-04-29,18.16,17.75,188150.0,600036.XSHG,10600.0,招商银行
2016-05-03,15.9,10.68,335352.0,000001.XSHE,31400.0,平安银行
2016-05-03,18.16,17.7,187620.0,600036.XSHG,10600.0,招商银行
2016-05-04,15.9,10.72,336608.0,000001.XSHE,31400.0,平安银行
2016-05-04,18.16,17.65,187090.0,600036.XSHG,10600.0,招商银行
2016-05-05,15.9,10.72,336608.0,000001.XSHE,31400.0,平安银行
2016-05-05,18.16,17.62,186772.0,600036.XSHG,10600.0,招商银行
2016-05-06,15.9,10.52,330328.0,000001.XSHE,31400.0,平安银行
2016-05-06,18.16,17.32,183592.0,600036.XSHG,10600.0,招商银行
2016-05-09,15.9,10.35,324990.0,000001.XSHE,31400.0,平安银行
2016-05-09,18.16,17.3,183380.0,600036.XSHG,10600.0,招商银行
2016-05-10,15.9,10.28,322792.0,000001.XSHE,31400.0,平安银行
2016-05-10,18.16,17.04,180624.0,600036.XSHG,10600.0,招商银行
2016-05-11,15.9,10.37,325618.0,000001.XSHE,31400.0,平安银行
2016-05-11,18.16,17.15,181790.0,600036.XSHG,10600.0,招商银行
2016-05-12,15.9,10.38,325932.0,000001.XSHE,31400.0,平安银行
2016-05-12,18.16,17.46,185076.0,600036.XSHG,10600.0,招商银行
2016-05-13,15.9,10.35,324990.0,000001.XSHE,31400.0,平安银行
2016-05-13,18.16,17.57,186242.0,600036.XSHG,10600.0,招商银行
2016-05-16,15.9,10.36,325304.0,000001.XSHE,31400.0,平安银行
2016-05-16,18.16,17.5,185500.0,600036.XSHG,10600.0,招商银行
2016-05-17,15.9,10.3,323420.0,000001.XSHE,31400.0,平安银行
2016-05-17,18.16,17.48,185288.0,600036.XSHG,10600.0,招商银行
2016-05-18,15.9,10.3,323420.0,000001.XSHE,31400.0,平安银行
2016-05-18,18.16,17.82,188892.0,600036.XSHG,10600.0,招商银行
2016-05-19,15.9,10.25,321850.0,000001.XSHE,31400.0,平安银行
2016-05-19,18.16,17.81,188786.0,600036.XSHG,10600.0,招商银行
2016-05-20,15.9,10.3,323420.0,000001.XSHE,31400.0,平安银行
2016-05-20,18.16,17.88,189528.0,600036.XSHG,10600.0,招商银行
2016-05-23,15.9,10.28,322792.0,000001.XSHE,31400.0,平安银行
2016-05-23,18.16,17.52,185712.0,600036.XSHG,10600.0,招商银行
2016-05-24,15.9,10.21,320594.0,000001.XSHE,31400.0,平安银行
2016-05-24,18.16,17.33,183698.0,600036.XSHG,10600.0,招商银行
2016-05-25,15.9,10.23,321222.0,000001.XSHE,31400.0,平安银行
2016-05-25,18.16,17.55,186030.0,600036.XSHG,10600.0,招商银行
2016-05-26,15.9,10.22,320908.0,000001.XSHE,31400.0,平安银行
2016-05-26,18.16,17.69,187514.0,600036.XSHG,10600.0,招商银行
2016-05-27,15.9,10.27,322478.0,000001.XSHE,31400.0,平安银行
2016-05-27,18.16,17.66,187196.0,600036.XSHG,10600.0,招商银行
2016-05-30,15.9,10.28,322792.0,000001.XSHE,31400.0,平安银行
2016-05-30,18.16,17.84,189104.0,600036.XSHG,10600.0,招商银行
2016-05-31,15.9,10.55,331270.0,000001.XSHE,31400.0,平安银行
2016-05-31,18.16,18.0,190800.0,600036.XSHG,10600.0,招商银行
2016-06-01,15.9,10.48,329072.0,000001.XSHE,31400.0,平安银行
2016-06-01,18.16,17.83,188998.0,600036.XSHG,10600.0,招商银行
2016-06-02,15.9,10.46,328444.0,000001.XSHE,31400.0,平安银行
2016-06-02,18.16,17.73,187938.0,600036.XSHG,10600.0,招商银行
2016-06-03,15.9,10.5,329700.0,000001.XSHE,31400.0,平安银行
2016-06-03,18.16,17.78,188468.0,600036.XSHG,10600.0,招商银行
2016-06-06,15.9,10.51,330014.0,000001.XSHE,31400.0,平安银行
2016-06-06,18.16,17.64,186984.0,600036.XSHG,10600.0,招商银行
2016-06-07,15.9,10.52,330328.0,000001.XSHE,31400.0,平安银行
2016-06-07,18.16,17.8,188680.0,600036.XSHG,10600.0,招商银行
2016-06-08,15.9,10.5,329700.0,000001.XSHE,31400.0,平安银行
2016-06-08,18.16,17.77,188362.0,600036.XSHG,10600.0,招商银行
2016-06-13,15.9,10.33,324362.0,000001.XSHE,31400.0,平安银行
2016-06-13,18.16,17.32,183592.0,600036.XSHG,10600.0,招商银行
2016-06-14,15.9,10.4,326560.0,000001.XSHE,31400.0,平安银行
2016-06-14,18.16,17.38,184228.0,600036.XSHG,10600.0,招商银行
2016-06-15,15.9,10.44,327816.0,000001.XSHE,31400.0,平安银行
2016-06-15,18.16,17.39,184334.0,600036.XSHG,10600.0,招商银行
2016-06-16,13.122,8.57,322917.6,000001.XSHE,37680.0,平安银行
2016-06-16,18.16,17.4,184440.0,600036.XSHG,10600.0,招商银行
2016-06-17,13.122,8.58,323294.4,000001.XSHE,37680.0,平安银行
2016-06-17,18.16,17.5,185500.0,600036.XSHG,10600.0,招商银行
2016-06-20,13.122,8.6,324048.0,000001.XSHE,37680.0,平安银行
2016-06-20,18.16,17.51,185606.0,600036.XSHG,10600.0,招商银行
2016-06-21,13.122,8.61,324424.8,000001.XSHE,37680.0,平安银行
2016-06-21,18.16,17.54,185924.0,600036.XSHG,10600.0,招商银行
2016-06-22,13.122,8.73,328946.4,000001.XSHE,37680.0,平安银行
2016-06-22,18.16,17.5,185500.0,600036.XSHG,10600.0,招商银行
2016-06-23,13.122,8.66,326308.8,000001.XSHE,37680.0,平安银行
2016-06-23,18.16,17.26,182956.0,600036.XSHG,10600.0,招商银行
2016-06-24,13.122,8.57,322917.6,000001.XSHE,37680.0,平安银行
2016-06-24,18.16,17.25,182850.0,600036.XSHG,10600.0,招商银行
2016-06-27,13.122,8.61,324424.8,000001.XSHE,37680.0,平安银行
2016-06-27,18.16,17.28,183168.0,600036.XSHG,10600.0,招商银行
2016-06-28,13.122,8.63,325178.4,000001.XSHE,37680.0,平安银行
2016-06-28,18.16,17.29,183274.0,600036.XSHG,10600.0,招商银行
2016-06-29,13.122,8.69,327439.2,000001.XSHE,37680.0,平安银行
2016-06-29,18.16,17.45,184970.0,600036.XSHG,10600.0,招商银行
2016-06-30,13.122,8.7,327816.0,000001.XSHE,37680.0,平安银行
2016-06-30,18.16,17.5,185500.0,600036.XSHG,10600.0,招商银行
2016-07-01,13.122,8.71,328192.8,000001.XSHE,37680.0,平安银行
2016-07-01,18.16,17.63,186878.0,600036.XSHG,10600.0,招商银行
2016-07-04,13.122,8.81,331960.8,000001.XSHE,37680.0,平安银行
2016-07-04,18.16,17.72,187832.0,600036.XSHG,10600.0,招商银行
2016-07-05,13.122,8.81,331960.8,000001.XSHE,37680.0,平安银行
2016-07-05,18.16,17.56,186136.0,600036.XSHG,10600.0,招商银行
2016-07-06,13.122,8.79,331207.2,000001.XSHE,37680.0,平安银行
2016-07-06,18.16,17.42,184652.0,600036.XSHG,10600.0,招商银行
2016-07-07,13.122,8.78,330830.4,000001.XSHE,37680.0,平安银行
2016-07-07,18.16,17.51,185606.0,600036.XSHG,10600.0,招商银行
2016-07-08,13.122,8.74,329323.2,000001.XSHE,37680.0,平安银行
2016-07-08,18.16,17.39,184334.0,600036.XSHG,10600.0,招商银行
2016-07-11,13.122,8.75,329700.0,000001.XSHE,37680.0,平安银行
2016-07-11,18.16,17.48,185288.0,600036.XSHG,10600.0,招商银行
2016-07-12,13.122,8.88,334598.4,000001.XSHE,37680.0,平安银行
2016-07-12,18.16,17.71,187726.0,600036.XSHG,10600.0,招商银行
2016-07-13,13.122,8.99,338743.2,000001.XSHE,37680.0,平安银行
2016-07-13,17.47,17.05,180730.0,600036.XSHG,10600.0,招商银行
2016-07-14,13.122,8.94,336859.2,000001.XSHE,37680.0,平安银行
2016-07-14,17.47,17.09,181154.0,600036.XSHG,10600.0,招商银行
2016-07-15,13.122,8.99,338743.2,000001.XSHE,37680.0,平安银行
2016-07-15,17.47,17.14,181684.0,600036.XSHG,10600.0,招商银行
2016-07-18,13.122,9.04,340627.2,000001.XSHE,37680.0,平安银行
2016-07-18,17.47,17.26,182956.0,600036.XSHG,10600.0,招商银行
2016-07-19,13.122,8.97,337989.6,000001.XSHE,37680.0,平安银行
2016-07-19,17.47,17.12,181472.0,600036.XSHG,10600.0,招商银行
2016-07-20,13.122,8.96,337612.8,000001.XSHE,37680.0,平安银行
2016-07-20,17.47,17.07,180942.0,600036.XSHG,10600.0,招商银行
2016-07-21,13.122,8.99,338743.2,000001.XSHE,37680.0,平安银行
2016-07-21,17.47,17.24,182744.0,600036.XSHG,10600.0,招商银行
2016-07-22,13.122,8.94,336859.2,000001.XSHE,37680.0,平安银行
2016-07-22,17.47,17.08,181048.0,600036.XSHG,10600.0,招商银行
2016-07-25,13.122,8.98,338366.4,000001.XSHE,37680.0,平安银行
2016-07-25,17.47,17.12,181472.0,600036.XSHG,10600.0,招商银行
2016-07-26,13.122,9.11,343264.8,000001.XSHE,37680.0,平安银行
2016-07-26,17.47,17.17,182002.0,600036.XSHG,10600.0,招商银行
2016-07-27,13.122,9.01,339496.8,000001.XSHE,37680.0,平安银行
2016-07-27,17.47,17.37,184122.0,600036.XSHG,10600.0,招商银行
2016-07-28,13.122,9.08,342134.4,000001.XSHE,37680.0,平安银行
2016-07-28,17.47,17.14,181684.0,600036.XSHG,10600.0,招商银行
2016-07-29,13.122,9.2,346656.0,000001.XSHE,37680.0,平安银行
2016-07-29,17.47,17.16,181896.0,600036.XSHG,10600.0,招商银行
2016-08-01,13.122,9.28,349670.4,000001.XSHE,37680.0,平安银行
2016-08-01,17.47,17.18,182108.0,600036.XSHG,10600.0,招商银行
2016-08-02,13.122,9.25,348540.0,000001.XSHE,37680.0,平安银行
2016-08-02,17.47,17.15,181790.0,600036.XSHG,10600.0,招商银行
2016-08-03,13.122,9.18,345902.4,000001.XSHE,37680.0,平安银行
2016-08-03,17.47,17.07,180942.0,600036.XSHG,10600.0,招商银行
2016-08-04,13.122,8.99,338743.2,000001.XSHE,37680.0,平安银行
2016-08-04,17.47,17.06,180836.0,600036.XSHG,10600.0,招商银行
2016-08-05,13.122,9.04,340627.2,000001.XSHE,37680.0,平安银行
2016-08-05,17.47,17.1,181260.0,600036.XSHG,10600.0,招商银行
2016-08-08,13.122,9.11,343264.8,000001.XSHE,37680.0,平安银行
2016-08-08,17.47,17.13,181578.0,600036.XSHG,10600.0,招商银行
2016-08-09,13.122,9.15,344772.0,000001.XSHE,37680.0,平安银行
2016-08-09,17.47,17.17,182002.0,600036.XSHG,10600.0,招商银行
2016-08-10,13.122,9.14,344395.2,000001.XSHE,37680.0,平安银行
2016-08-10,17.47,17.28,183168.0,600036.XSHG,10600.0,招商银行
2016-08-11,13.122,9.22,347409.6,000001.XSHE,37680.0,平安银行
2016-08-11,17.47,17.45,184970.0,600036.XSHG,10600.0,招商银行
2016-08-12,13.122,9.5,357960.0,000001.XSHE,37680.0,平安银行
2016-08-12,17.47,17.99,190694.0,600036.XSHG,10600.0,招商银行
2016-08-15,13.122,9.68,364742.4,000001.XSHE,37680.0,平安银行
2016-08-15,17.47,18.42,195252.0,600036.XSHG,10600.0,招商银行
2016-08-16,13.122,9.52,358713.6,000001.XSHE,37680.0,平安银行
2016-08-16,17.47,18.31,194086.0,600036.XSHG,10600.0,招商银行
2016-08-17,13.122,9.55,359844.0,000001.XSHE,37680.0,平安银行
2016-08-17,17.47,18.4,195040.0,600036.XSHG,10600.0,招商银行
2016-08-18,13.122,9.5,357960.0,000001.XSHE,37680.0,平安银行
2016-08-18,17.47,18.23,193238.0,600036.XSHG,10600.0,招商银行
2016-08-19,13.122,9.51,358336.8,000001.XSHE,37680.0,平安银行
2016-08-19,17.47,18.62,197372.0,600036.XSHG,10600.0,招商银行
2016-08-22,13.122,9.4,354192.0,000001.XSHE,37680.0,平安银行
2016-08-22,17.47,18.69,198114.0,600036.XSHG,10600.0,招商银行
2016-08-23,13.122,9.4,354192.0,000001.XSHE,37680.0,平安银行
2016-08-23,17.47,18.66,197796.0,600036.XSHG,10600.0,招商银行
2016-08-24,13.122,9.43,355322.4,000001.XSHE,37680.0,平安银行
2016-08-24,17.47,18.62,197372.0,600036.XSHG,10600.0,招商银行
2016-08-25,13.122,9.44,355699.2,000001.XSHE,37680.0,平安银行
2016-08-25,17.47,18.51,196206.0,600036.XSHG,10600.0,招商银行
2016-08-26,13.122,9.45,356076.0,000001.XSHE,37680.0,平安银行
2016-08-26,17.47,18.55,196630.0,600036.XSHG,10600.0,招商银行
2016-08-29,13.122,9.42,354945.6,000001.XSHE,37680.0,平安银行
2016-08-29,17.47,18.27,193662.0,600036.XSHG,10600.0,招商银行
2016-08-30,13.122,9.47,356829.6,000001.XSHE,37680.0,平安银行
2016-08-30,17.47,18.44,195464.0,600036.XSHG,10600.0,招商银行
2016-08-31,13.122,9.49,357583.2,000001.XSHE,37680.0,平安银行
2016-08-31,17.47,18.63,197478.0,600036.XSHG,10600.0,招商银行
2016-09-01,13.122,9.45,356076.0,000001.XSHE,37680.0,平安银行
2016-09-01,17.47,18.62,197372.0,600036.XSHG,10600.0,招商银行
2016-09-02,13.122,9.45,356076.0,000001.XSHE,37680.0,平安银行
2016-09-02,17.47,18.68,198008.0,600036.XSHG,10600.0,招商银行
2016-09-05,13.122,9.42,354945.6,000001.XSHE,37680.0,平安银行
2016-09-05,17.47,18.75,198750.0,600036.XSHG,10600.0,招商银行
2016-09-06,13.122,9.41,354568.8,000001.XSHE,37680.0,平安银行
2016-09-06,17.47,18.51,196206.0,600036.XSHG,10600.0,招商银行
2016-09-07,13.122,9.4,354192.0,000001.XSHE,37680.0,平安银行
2016-09-07,17.47,18.56,196736.0,600036.XSHG,10600.0,招商银行
2016-09-08,13.122,9.4,354192.0,000001.XSHE,37680.0,平安银行
2016-09-08,17.47,18.53,196418.0,600036.XSHG,10600.0,招商银行
2016-09-09,13.122,9.38,353438.4,000001.XSHE,37680.0,平安银行
2016-09-09,17.47,18.33,194298.0,600036.XSHG,10600.0,招商银行
2016-09-12,13.122,9.16,345148.8,000001.XSHE,37680.0,平安银行
2016-09-12,17.47,17.9,189740.0,600036.XSHG,10600.0,招商银行
2016-09-13,13.122,9.19,346279.2,000001.XSHE,37680.0,平安银行
2016-09-13,17.47,17.91,189846.0,600036.XSHG,10600.0,招商银行
2016-09-14,13.122,9.06,341380.8,000001.XSHE,37680.0,平安银行
2016-09-14,17.47,17.54,185924.0,600036.XSHG,10600.0,招商银行
2016-09-19,13.122,9.12,343641.6,000001.XSHE,37680.0,平安银行
2016-09-19,17.47,17.81,188786.0,600036.XSHG,10600.0,招商银行
2016-09-20,13.122,9.08,342134.4,000001.XSHE,37680.0,平安银行
2016-09-20,17.47,17.74,188044.0,600036.XSHG,10600.0,招商银行
2016-09-21,13.122,9.08,342134.4,000001.XSHE,37680.0,平安银行
2016-09-21,17.47,17.88,189528.0,600036.XSHG,10600.0,招商银行
2016-09-22,13.122,9.16,345148.8,000001.XSHE,37680.0,平安银行
2016-09-22,17.47,17.97,190482.0,600036.XSHG,10600.0,招商银行
2016-09-23,13.122,9.15,344772.0,000001.XSHE,37680.0,平安银行
2016-09-23,17.47,17.98,190588.0,600036.XSHG,10600.0,招商银行
2016-09-26,13.122,9.04,340627.2,000001.XSHE,37680.0,平安银行
2016-09-26,17.47,18.0,190800.0,600036.XSHG,10600.0,招商银行
2016-09-27,13.122,9.06,341380.8,000001.XSHE,37680.0,平安银行
2016-09-27,17.47,18.07,191542.0,600036.XSHG,10600.0,招商银行
2016-09-28,13.122,9.05,341004.0,000001.XSHE,37680.0,平安银行
2016-09-28,17.47,17.89,189634.0,600036.XSHG,10600.0,招商银行
2016-09-29,13.122,9.06,341380.8,000001.XSHE,37680.0,平安银行
2016-09-29,17.47,18.0,190800.0,600036.XSHG,10600.0,招商银行
2016-09-30,13.122,9.07,341757.6,000001.XSHE,37680.0,平安银行
2016-09-30,17.47,18.0,190800.0,600036.XSHG,10600.0,招商银行
2016-10-10,13.122,9.12,343641.6,000001.XSHE,37680.0,平安银行
2016-10-10,17.47,18.3,193980.0,600036.XSHG,10600.0,招商银行
2016-10-11,13.122,9.15,344772.0,000001.XSHE,37680.0,平安银行
2016-10-11,17.47,18.33,194298.0,600036.XSHG,10600.0,招商银行
2016-10-12,13.122,9.13,344018.4,000001.XSHE,37680.0,平安银行
2016-10-12,17.47,18.15,192390.0,600036.XSHG,10600.0,招商银行
2016-10-13,13.122,9.07,341757.6,000001.XSHE,37680.0,平安银行
2016-10-13,17.47,18.09,191754.0,600036.XSHG,10600.0,招商银行
2016-10-14,13.122,9.09,342511.2,000001.XSHE,37680.0,平安银行
2016-10-14,17.47,18.1,191860.0,600036.XSHG,10600.0,招商银行
2016-10-17,13.122,9.05,341004.0,000001.XSHE,37680.0,平安银行
2016-10-17,17.47,17.86,189316.0,600036.XSHG,10600.0,招商银行
2016-10-18,13.122,9.09,342511.2,000001.XSHE,37680.0,平安银行
2016-10-18,17.47,17.93,190058.0,600036.XSHG,10600.0,招商银行
2016-10-19,13.122,9.08,342134.4,000001.XSHE,37680.0,平安银行
2016-10-19,17.47,17.88,189528.0,600036.XSHG,10600.0,招商银行
2016-10-20,13.122,9.07,341757.6,000001.XSHE,37680.0,平安银行
2016-10-20,17.47,17.89,189634.0,600036.XSHG,10600.0,招商银行
2016-10-21,13.122,9.13,344018.4,000001.XSHE,37680.0,平安银行
2016-10-21,17.47,17.91,189846.0,600036.XSHG,10600.0,招商银行
2016-10-24,13.122,9.24,348163.2,000001.XSHE,37680.0,平安银行
2016-10-24,17.47,18.31,194086.0,600036.XSHG,10600.0,招商银行
2016-10-25,13.122,9.21,347032.8,000001.XSHE,37680.0,平安银行
2016-10-25,17.47,18.13,192178.0,600036.XSHG,10600.0,招商银行
2016-10-26,13.122,9.15,344772.0,000001.XSHE,37680.0,平安银行
2016-10-26,17.47,17.97,190482.0,600036.XSHG,10600.0,招商银行
2016-10-27,13.122,9.16,345148.8,000001.XSHE,37680.0,平安银行
2016-10-27,17.47,17.81,188786.0,600036.XSHG,10600.0,招商银行
2016-10-28,13.122,9.17,345525.6,000001.XSHE,37680.0,平安银行
2016-10-28,17.47,17.9,189740.0,600036.XSHG,10600.0,招商银行
2016-10-31,13.122,9.15,344772.0,000001.XSHE,37680.0,平安银行
2016-10-31,17.47,17.86,189316.0,600036.XSHG,10600.0,招商银行
2016-11-01,13.122,9.14,344395.2,000001.XSHE,37680.0,平安银行
2016-11-01,17.47,17.98,190588.0,600036.XSHG,10600.0,招商银行
2016-11-02,13.122,9.07,341757.6,000001.XSHE,37680.0,平安银行
2016-11-02,17.47,17.84,189104.0,600036.XSHG,10600.0,招商银行
2016-11-03,13.122,9.13,344018.4,000001.XSHE,37680.0,平安银行
2016-11-03,17.47,17.93,190058.0,600036.XSHG,10600.0,招商银行
2016-11-04,13.122,9.11,343264.8,000001.XSHE,37680.0,平安银行
2016-11-04,17.47,17.91,189846.0,600036.XSHG,10600.0,招商银行
2016-11-07,13.122,9.12,343641.6,000001.XSHE,37680.0,平安银行
2016-11-07,17.47,17.89,189634.0,600036.XSHG,10600.0,招商银行
2016-11-08,13.122,9.15,344772.0,000001.XSHE,37680.0,平安银行
2016-11-08,17.47,17.99,190694.0,600036.XSHG,10600.0,招商银行
2016-11-09,13.122,9.07,341757.6,000001.XSHE,37680.0,平安银行
2016-11-09,17.47,17.89,189634.0,600036.XSHG,10600.0,招商银行
2016-11-10,13.122,9.14,344395.2,000001.XSHE,37680.0,平安银行
2016-11-10,17.47,18.0,190800.0,600036.XSHG,10600.0,招商银行
2016-11-11,13.122,9.18,345902.4,000001.XSHE,37680.0,平安银行
2016-11-11,17.47,18.02,191012.0,600036.XSHG,10600.0,招商银行
2016-11-14,13.122,9.22,347409.6,000001.XSHE,37680.0,平安银行
2016-11-14,17.47,18.04,191224.0,600036.XSHG,10600.0,招商银行
2016-11-15,13.122,9.23,347786.4,000001.XSHE,37680.0,平安银行
2016-11-15,17.47,18.18,192708.0,600036.XSHG,10600.0,招商银行
2016-11-16,13.122,9.23,347786.4,000001.XSHE,37680.0,平安银行
2016-11-16,17.47,18.12,192072.0,600036.XSHG,10600.0,招商银行
2016-11-17,13.122,9.21,347032.8,000001.XSHE,37680.0,平安银行
2016-11-17,17.47,18.12,192072.0,600036.XSHG,10600.0,招商银行
2016-11-18,13.122,9.18,345902.4,000001.XSHE,37680.0,平安银行
2016-11-18,17.47,18.1,191860.0,600036.XSHG,10600.0,招商银行
2016-11-21,13.122,9.24,348163.2,000001.XSHE,37680.0,平安银行
2016-11-21,17.47,18.34,194404.0,600036.XSHG,10600.0,招商银行
2016-11-22,13.122,9.36,352684.8,000001.XSHE,37680.0,平安银行
2016-11-22,17.47,18.37,194722.0,600036.XSHG,10600.0,招商银行
2016-11-23,13.122,9.45,356076.0,000001.XSHE,37680.0,平安银行
2016-11-23,17.47,18.84,199704.0,600036.XSHG,10600.0,招商银行
2016-11-24,13.122,9.47,356829.6,000001.XSHE,37680.0,平安银行
2016-11-24,17.47,18.74,198644.0,600036.XSHG,10600.0,招商银行
2016-11-25,13.122,9.62,362481.6,000001.XSHE,37680.0,平安银行
2016-11-25,17.47,18.99,201294.0,600036.XSHG,10600.0,招商银行
2016-11-28,13.122,9.63,362858.4,000001.XSHE,37680.0,平安银行
2016-11-28,17.47,18.65,197690.0,600036.XSHG,10600.0,招商银行
2016-11-29,13.122,9.62,362481.6,000001.XSHE,37680.0,平安银行
2016-11-29,17.47,18.75,198750.0,600036.XSHG,10600.0,招商银行
2016-11-30,13.122,9.55,359844.0,000001.XSHE,37680.0,平安银行
2016-11-30,17.47,18.55,196630.0,600036.XSHG,10600.0,招商银行
2016-12-01,13.122,9.6,361728.0,000001.XSHE,37680.0,平安银行
2016-12-01,17.47,18.49,195994.0,600036.XSHG,10600.0,招商银行
2016-12-02,13.122,9.55,359844.0,000001.XSHE,37680.0,平安银行
2016-12-02,17.47,18.49,195994.0,600036.XSHG,10600.0,招商银行
2016-12-05,13.122,9.46,356452.8,000001.XSHE,37680.0,平安银行
2016-12-05,17.47,18.66,197796.0,600036.XSHG,10600.0,招商银行
2016-12-06,13.122,9.49,357583.2,000001.XSHE,37680.0,平安银行
2016-12-06,17.47,18.6,197160.0,600036.XSHG,10600.0,招商银行
2016-12-07,13.122,9.48,357206.4,000001.XSHE,37680.0,平安银行
2016-12-07,17.47,18.62,197372.0,600036.XSHG,10600.0,招商银行
2016-12-08,13.122,9.52,358713.6,000001.XSHE,37680.0,平安银行
2016-12-08,17.47,18.76,198856.0,600036.XSHG,10600.0,招商银行
2016-12-09,13.122,9.65,363612.0,000001.XSHE,37680.0,平安银行
2016-12-09,17.47,19.2,203520.0,600036.XSHG,10600.0,招商银行
2016-12-12,13.122,9.5,357960.0,000001.XSHE,37680.0,平安银行
2016-12-12,17.47,19.25,204050.0,600036.XSHG,10600.0,招商银行
2016-12-13,13.122,9.42,354945.6,000001.XSHE,37680.0,平安银行
2016-12-13,17.47,18.88,200128.0,600036.XSHG,10600.0,招商银行
2016-12-14,13.122,9.4,354192.0,000001.XSHE,37680.0,平安银行
2016-12-14,17.47,18.82,199492.0,600036.XSHG,10600.0,招商银行
2016-12-15,13.122,9.25,348540.0,000001.XSHE,37680.0,平安银行
2016-12-15,17.47,18.24,193344.0,600036.XSHG,10600.0,招商银行
2016-12-16,13.122,9.25,348540.0,000001.XSHE,37680.0,平安银行
2016-12-16,17.47,18.18,192708.0,600036.XSHG,10600.0,招商银行
2016-12-19,13.122,9.2,346656.0,000001.XSHE,37680.0,平安银行
2016-12-19,17.47,18.01,190906.0,600036.XSHG,10600.0,招商银行
2016-12-20,13.122,9.11,343264.8,000001.XSHE,37680.0,平安银行
2016-12-20,17.47,17.79,188574.0,600036.XSHG,10600.0,招商银行
2016-12-21,13.122,9.16,345148.8,000001.XSHE,37680.0,平安银行
2016-12-21,17.47,17.81,188786.0,600036.XSHG,10600.0,招商银行
2016-12-22,13.122,9.14,344395.2,000001.XSHE,37680.0,平安银行
2016-12-22,17.47,17.72,187832.0,600036.XSHG,10600.0,招商银行
2016-12-23,13.122,9.08,342134.4,000001.XSHE,37680.0,平安银行
2016-12-23,17.47,17.6,186560.0,600036.XSHG,10600.0,招商银行
2016-12-26,13.122,9.12,343641.6,000001.XSHE,37680.0,平安银行
2016-12-26,17.47,17.75,188150.0,600036.XSHG,10600.0,招商银行
2016-12-27,13.122,9.08,342134.4,000001.XSHE,37680.0,平安银行
2016-12-27,17.47,17.71,187726.0,600036.XSHG,10600.0,招商银行
2016-12-28,13.122,9.06,341380.8,000001.XSHE,37680.0,平安银行
2016-12-28,17.47,17.62,186772.0,600036.XSHG,10600.0,招商银行
2016-12-29,13.122,9.08,342134.4,000001.XSHE,37680.0,平安银行
2016-12-29,17.47,17.49,185394.0,600036.XSHG,10600.0,招商银行
2016-12-30,13.122,9.1,342888.0,000001.XSHE,37680.0,平安银行
2016-12-30,17.47,17.6,186560.0,600036.XSHG,10600.0,招商银行
2017-01-03,13.122,9.16,345148.8,000001.XSHE,37680.0,平安银行
2017-01-03,17.47,17.96,190376.0,600036.XSHG,10600.0,招商银行
2017-01-04,13.122,9.16,345148.8,000001.XSHE,37680.0,平安银行
2017-01-04,17.47,18.02,191012.0,600036.XSHG,10600.0,招商银行
2017-01-05,13.122,9.17,345525.6,000001.XSHE,37680.0,平安银行
2017-01-05,17.47,18.1,191860.0,600036.XSHG,10600.0,招商银行
2017-01-06,13.122,9.13,344018.4,000001.XSHE,37680.0,平安银行
2017-01-06,17.47,17.96,190376.0,600036.XSHG,10600.0,招商银行
2017-01-09,13.122,9.15,344772.0,000001.XSHE,37680.0,平安银行
2017-01-09,17.47,17.94,190164.0,600036.XSHG,10600.0,招商银行
2017-01-10,13.122,9.15,344772.0,000001.XSHE,37680.0,平安银行
2017-01-10,17.47,17.94,190164.0,600036.XSHG,10600.0,招商银行
2017-01-11,13.122,9.14,344395.2,000001.XSHE,37680.0,平安银行
2017-01-11,17.47,17.96,190376.0,600036.XSHG,10600.0,招商银行
2017-01-12,13.122,9.15,344772.0,000001.XSHE,37680.0,平安银行
2017-01-12,17.47,18.0,190800.0,600036.XSHG,10600.0,招商银行
2017-01-13,13.122,9.16,345148.8,000001.XSHE,37680.0,平安银行
2017-01-13,17.47,18.22,193132.0,600036.XSHG,10600.0,招商银行
2017-01-16,13.122,9.14,344395.2,000001.XSHE,37680.0,平安银行
2017-01-16,17.47,18.58,196948.0,600036.XSHG,10600.0,招商银行
2017-01-17,13.122,9.15,344772.0,000001.XSHE,37680.0,平安银行
2017-01-17,17.47,18.45,195570.0,600036.XSHG,10600.0,招商银行
2017-01-18,13.122,9.17,345525.6,000001.XSHE,37680.0,平安银行
2017-01-18,17.47,18.59,197054.0,600036.XSHG,10600.0,招商银行
2017-01-19,13.122,9.18,345902.4,000001.XSHE,37680.0,平安银行
2017-01-19,17.47,18.52,196312.0,600036.XSHG,10600.0,招商银行
2017-01-20,13.122,9.22,347409.6,000001.XSHE,37680.0,平安银行
2017-01-20,17.47,18.59,197054.0,600036.XSHG,10600.0,招商银行
2017-01-23,13.122,9.22,347409.6,000001.XSHE,37680.0,平安银行
2017-01-23,17.47,18.5,196100.0,600036.XSHG,10600.0,招商银行
2017-01-24,13.122,9.27,349293.6,000001.XSHE,37680.0,平安银行
2017-01-24,17.47,18.87,200022.0,600036.XSHG,10600.0,招商银行
2017-01-25,13.122,9.26,348916.8,000001.XSHE,37680.0,平安银行
2017-01-25,17.47,18.88,200128.0,600036.XSHG,10600.0,招商银行
2017-01-26,13.122,9.33,351554.4,000001.XSHE,37680.0,平安银行
2017-01-26,17.47,19.0,201400.0,600036.XSHG,10600.0,招商银行
2017-02-03,13.122,9.26,348916.8,000001.XSHE,37680.0,平安银行
2017-02-03,17.47,18.7,198220.0,600036.XSHG,10600.0,招商银行
2017-02-06,13.122,9.31,350800.8,000001.XSHE,37680.0,平安银行
2017-02-06,17.47,18.62,197372.0,600036.XSHG,10600.0,招商银行
2017-02-07,13.122,9.3,350424.0,000001.XSHE,37680.0,平安银行
2017-02-07,17.47,18.57,196842.0,600036.XSHG,10600.0,招商银行
2017-02-08,13.122,9.3,350424.0,000001.XSHE,37680.0,平安银行
2017-02-08,17.47,18.6,197160.0,600036.XSHG,10600.0,招商银行
2017-02-09,13.122,9.31,350800.8,000001.XSHE,37680.0,平安银行
2017-02-09,17.47,18.73,198538.0,600036.XSHG,10600.0,招商银行
2017-02-10,13.122,9.33,351554.4,000001.XSHE,37680.0,平安银行
2017-02-10,17.47,18.9,200340.0,600036.XSHG,10600.0,招商银行
2017-02-13,13.122,9.41,354568.8,000001.XSHE,37680.0,平安银行
2017-02-13,17.47,18.97,201082.0,600036.XSHG,10600.0,招商银行
2017-02-14,13.122,9.4,354192.0,000001.XSHE,37680.0,平安银行
2017-02-14,17.47,18.87,200022.0,600036.XSHG,10600.0,招商银行
2017-02-15,13.122,9.45,356076.0,000001.XSHE,37680.0,平安银行
2017-02-15,17.47,19.13,202778.0,600036.XSHG,10600.0,招商银行
2017-02-16,13.122,9.46,356452.8,000001.XSHE,37680.0,平安银行
2017-02-16,17.47,19.14,202884.0,600036.XSHG,10600.0,招商银行
2017-02-17,13.122,9.39,353815.2,000001.XSHE,37680.0,平安银行
2017-02-17,17.47,19.02,201612.0,600036.XSHG,10600.0,招商银行
2017-02-20,13.122,9.56,360220.8,000001.XSHE,37680.0,平安银行
2017-02-20,17.47,19.4,205640.0,600036.XSHG,10600.0,招商银行
2017-02-21,13.122,9.57,360597.6,000001.XSHE,37680.0,平安银行
2017-02-21,17.47,19.41,205746.0,600036.XSHG,10600.0,招商银行
2017-02-22,13.122,9.57,360597.6,000001.XSHE,37680.0,平安银行
2017-02-22,17.47,19.4,205640.0,600036.XSHG,10600.0,招商银行
2017-02-23,13.122,9.51,358336.8,000001.XSHE,37680.0,平安银行
2017-02-23,17.47,19.38,205428.0,600036.XSHG,10600.0,招商银行
2017-02-24,13.122,9.5,357960.0,000001.XSHE,37680.0,平安银行
2017-02-24,17.47,19.43,205958.0,600036.XSHG,10600.0,招商银行
2017-02-27,13.122,9.43,355322.4,000001.XSHE,37680.0,平安银行
2017-02-27,17.47,19.41,205746.0,600036.XSHG,10600.0,招商银行
2017-02-28,13.122,9.48,357206.4,000001.XSHE,37680.0,平安银行
2017-02-28,17.47,19.44,206064.0,600036.XSHG,10600.0,招商银行
2017-03-01,13.122,9.49,357583.2,000001.XSHE,37680.0,平安银行
2017-03-01,17.47,19.34,205004.0,600036.XSHG,10600.0,招商银行
2017-03-02,13.122,9.43,355322.4,000001.XSHE,37680.0,平安银行
2017-03-02,17.47,19.1,202460.0,600036.XSHG,10600.0,招商银行
2017-03-03,13.122,9.4,354192.0,000001.XSHE,37680.0,平安银行
2017-03-03,17.47,19.01,201506.0,600036.XSHG,10600.0,招商银行
2017-03-06,13.122,9.45,356076.0,000001.XSHE,37680.0,平安银行
2017-03-06,17.47,19.06,202036.0,600036.XSHG,10600.0,招商银行
2017-03-07,13.122,9.45,356076.0,000001.XSHE,37680.0,平安银行
2017-03-07,17.47,19.24,203944.0,600036.XSHG,10600.0,招商银行
2017-03-08,13.122,9.42,354945.6,000001.XSHE,37680.0,平安银行
2017-03-08,17.47,19.29,204474.0,600036.XSHG,10600.0,招商银行
2017-03-09,13.122,9.38,353438.4,000001.XSHE,37680.0,平安银行
2017-03-09,17.47,19.05,201930.0,600036.XSHG,10600.0,招商银行
2017-03-10,13.122,9.4,354192.0,000001.XSHE,37680.0,平安银行
2017-03-10,17.47,18.91,200446.0,600036.XSHG,10600.0,招商银行
2017-03-13,13.122,9.44,355699.2,000001.XSHE,37680.0,平安银行
2017-03-13,17.47,19.03,201718.0,600036.XSHG,10600.0,招商银行
2017-03-14,13.122,9.44,355699.2,000001.XSHE,37680.0,平安银行
2017-03-14,17.47,19.1,202460.0,600036.XSHG,10600.0,招商银行
2017-03-15,13.122,9.48,357206.4,000001.XSHE,37680.0,平安银行
2017-03-15,17.47,19.01,201506.0,600036.XSHG,10600.0,招商银行
2017-03-16,13.122,9.52,358713.6,000001.XSHE,37680.0,平安银行
2017-03-16,17.47,19.06,202036.0,600036.XSHG,10600.0,招商银行
2017-03-17,13.122,9.31,350800.8,000001.XSHE,37680.0,平安银行
2017-03-17,17.47,18.81,199386.0,600036.XSHG,10600.0,招商银行
2017-03-20,13.122,9.25,348540.0,000001.XSHE,37680.0,平安银行
2017-03-20,17.47,18.76,198856.0,600036.XSHG,10600.0,招商银行
2017-03-21,13.122,9.24,348163.2,000001.XSHE,37680.0,平安银行
2017-03-21,17.47,18.76,198856.0,600036.XSHG,10600.0,招商银行
2017-03-22,13.122,9.16,345148.8,000001.XSHE,37680.0,平安银行
2017-03-22,17.47,18.52,196312.0,600036.XSHG,10600.0,招商银行
2017-03-23,13.122,9.2,346656.0,000001.XSHE,37680.0,平安银行
2017-03-23,17.47,18.64,197584.0,600036.XSHG,10600.0,招商银行
2017-03-24,13.122,9.19,346279.2,000001.XSHE,37680.0,平安银行
2017-03-24,17.47,18.78,199068.0,600036.XSHG,10600.0,招商银行
2017-03-27,13.122,9.14,344395.2,000001.XSHE,37680.0,平安银行
2017-03-27,17.47,19.1,202460.0,600036.XSHG,10600.0,招商银行
2017-03-28,13.122,9.12,343641.6,000001.XSHE,37680.0,平安银行
2017-03-28,17.47,18.97,201082.0,600036.XSHG,10600.0,招商银行
2017-03-29,13.122,9.11,343264.8,000001.XSHE,37680.0,平安银行
2017-03-29,17.47,19.09,202354.0,600036.XSHG,10600.0,招商银行
2017-03-30,13.122,9.08,342134.4,000001.XSHE,37680.0,平安银行
2017-03-30,17.47,19.02,201612.0,600036.XSHG,10600.0,招商银行
2017-03-31,13.122,9.17,345525.6,000001.XSHE,37680.0,平安银行
2017-03-31,17.47,19.17,203202.0,600036.XSHG,10600.0,招商银行
2017-04-05,13.122,9.21,347032.8,000001.XSHE,37680.0,平安银行
2017-04-05,17.47,19.07,202142.0,600036.XSHG,10600.0,招商银行
2017-04-06,13.122,9.2,346656.0,000001.XSHE,37680.0,平安银行
2017-04-06,17.47,19.04,201824.0,600036.XSHG,10600.0,招商银行
2017-04-07,13.122,9.2,346656.0,000001.XSHE,37680.0,平安银行
2017-04-07,17.47,18.89,200234.0,600036.XSHG,10600.0,招商银行
2017-04-10,13.122,9.18,345902.4,000001.XSHE,37680.0,平安银行
2017-04-10,17.47,18.91,200446.0,600036.XSHG,10600.0,招商银行
2017-04-11,13.122,9.15,344772.0,000001.XSHE,37680.0,平安银行
2017-04-11,17.47,19.02,201612.0,600036.XSHG,10600.0,招商银行
2017-04-12,13.122,9.12,343641.6,000001.XSHE,37680.0,平安银行
2017-04-12,17.47,19.05,201930.0,600036.XSHG,10600.0,招商银行
2017-04-13,13.122,9.12,343641.6,000001.XSHE,37680.0,平安银行
2017-04-13,17.47,18.92,200552.0,600036.XSHG,10600.0,招商银行
2017-04-14,13.122,9.08,342134.4,000001.XSHE,37680.0,平安银行
2017-04-14,17.47,18.82,199492.0,600036.XSHG,10600.0,招商银行
2017-04-17,13.122,9.1,342888.0,000001.XSHE,37680.0,平安银行
2017-04-17,17.47,18.88,200128.0,600036.XSHG,10600.0,招商银行
2017-04-18,13.122,9.05,341004.0,000001.XSHE,37680.0,平安银行
2017-04-18,17.47,18.6,197160.0,600036.XSHG,10600.0,招商银行
2017-04-19,13.122,8.91,335728.8,000001.XSHE,37680.0,平安银行
2017-04-19,17.47,18.46,195676.0,600036.XSHG,10600.0,招商银行
2017-04-20,13.122,8.92,336105.6,000001.XSHE,37680.0,平安银行
2017-04-20,17.47,18.39,194934.0,600036.XSHG,10600.0,招商银行
2017-04-21,13.122,8.97,337989.6,000001.XSHE,37680.0,平安银行
2017-04-21,17.47,18.8,199280.0,600036.XSHG,10600.0,招商银行
2017-04-24,13.122,8.93,336482.4,000001.XSHE,37680.0,平安银行
2017-04-24,17.47,18.91,200446.0,600036.XSHG,10600.0,招商银行
2017-04-25,13.122,9.0,339120.0,000001.XSHE,37680.0,平安银行
2017-04-25,17.47,18.96,200976.0,600036.XSHG,10600.0,招商银行
2017-04-26,13.122,8.99,338743.2,000001.XSHE,37680.0,平安银行
2017-04-26,17.47,19.11,202566.0,600036.XSHG,10600.0,招商银行
2017-04-27,13.122,8.97,337989.6,000001.XSHE,37680.0,平安银行
2017-04-27,17.47,18.98,201188.0,600036.XSHG,10600.0,招商银行
2017-04-28,13.122,8.99,338743.2,000001.XSHE,37680.0,平安银行
2017-04-28,17.47,19.13,202778.0,600036.XSHG,10600.0,招商银行
2017-05-02,13.122,8.94,336859.2,000001.XSHE,37680.0,平安银行
2017-05-02,17.47,19.01,201506.0,600036.XSHG,10600.0,招商银行
2017-05-03,13.122,8.91,335728.8,000001.XSHE,37680.0,平安银行
2017-05-03,17.47,18.93,200658.0,600036.XSHG,10600.0,招商银行
2017-05-04,13.122,8.74,329323.2,000001.XSHE,37680.0,平安银行
2017-05-04,17.47,18.75,198750.0,600036.XSHG,10600.0,招商银行
2017-05-05,13.122,8.63,325178.4,000001.XSHE,37680.0,平安银行
2017-05-05,17.47,18.8,199280.0,600036.XSHG,10600.0,招商银行
2017-05-08,13.122,8.57,322917.6,000001.XSHE,37680.0,平安银行
2017-05-08,17.47,18.79,199174.0,600036.XSHG,10600.0,招商银行
2017-05-09,13.122,8.64,325555.2,000001.XSHE,37680.0,平安银行
2017-05-09,17.47,18.79,199174.0,600036.XSHG,10600.0,招商银行
2017-05-10,13.122,8.67,326685.6,000001.XSHE,37680.0,平安银行
2017-05-10,17.47,19.02,201612.0,600036.XSHG,10600.0,招商银行
2017-05-11,13.122,8.7,327816.0,000001.XSHE,37680.0,平安银行
2017-05-11,17.47,19.26,204156.0,600036.XSHG,10600.0,招商银行
2017-05-12,13.122,8.9,335352.0,000001.XSHE,37680.0,平安银行
2017-05-12,17.47,20.34,215604.0,600036.XSHG,10600.0,招商银行
2017-05-15,13.122,8.86,333844.8,000001.XSHE,37680.0,平安银行
2017-05-15,17.47,20.67,219102.0,600036.XSHG,10600.0,招商银行
2017-05-16,13.122,8.84,333091.2,000001.XSHE,37680.0,平安银行
2017-05-16,17.47,20.49,217194.0,600036.XSHG,10600.0,招商银行
2017-05-17,13.122,8.77,330453.6,000001.XSHE,37680.0,平安银行
2017-05-17,17.47,20.19,214014.0,600036.XSHG,10600.0,招商银行
2017-05-18,13.122,8.73,328946.4,000001.XSHE,37680.0,平安银行
2017-05-18,17.47,20.25,214650.0,600036.XSHG,10600.0,招商银行
2017-05-19,13.122,8.69,327439.2,000001.XSHE,37680.0,平安银行
2017-05-19,17.47,20.53,217618.0,600036.XSHG,10600.0,招商银行
2017-05-22,13.122,8.68,327062.4,000001.XSHE,37680.0,平安银行
2017-05-22,17.47,20.89,221434.0,600036.XSHG,10600.0,招商银行
2017-05-23,13.122,8.79,331207.2,000001.XSHE,37680.0,平安银行
2017-05-23,17.47,21.83,231398.0,600036.XSHG,10600.0,招商银行
2017-05-24,13.122,8.81,331960.8,000001.XSHE,37680.0,平安银行
2017-05-24,17.47,21.91,232246.0,600036.XSHG,10600.0,招商银行
2017-05-25,13.122,9.1,342888.0,000001.XSHE,37680.0,平安银行
2017-05-25,17.47,22.95,243270.0,600036.XSHG,10600.0,招商银行
2017-05-26,13.122,9.1,342888.0,000001.XSHE,37680.0,平安银行
2017-05-26,17.47,22.64,239984.0,600036.XSHG,10600.0,招商银行
2017-05-31,13.122,9.2,346656.0,000001.XSHE,37680.0,平安银行
2017-05-31,17.47,22.42,237652.0,600036.XSHG,10600.0,招商银行
2017-06-01,13.122,9.19,346279.2,000001.XSHE,37680.0,平安银行
2017-06-01,17.47,22.59,239454.0,600036.XSHG,10600.0,招商银行
2017-06-02,13.122,9.17,345525.6,000001.XSHE,37680.0,平安银行
2017-06-02,17.47,22.16,234896.0,600036.XSHG,10600.0,招商银行
2017-06-05,13.122,9.03,340250.4,000001.XSHE,37680.0,平安银行
2017-06-05,17.47,21.98,232988.0,600036.XSHG,10600.0,招商银行
2017-06-06,13.122,9.04,340627.2,000001.XSHE,37680.0,平安银行
2017-06-06,17.47,21.93,232458.0,600036.XSHG,10600.0,招商银行
2017-06-07,13.122,9.13,344018.4,000001.XSHE,37680.0,平安银行
2017-06-07,17.47,22.52,238712.0,600036.XSHG,10600.0,招商银行
2017-06-08,13.122,9.13,344018.4,000001.XSHE,37680.0,平安银行
2017-06-08,17.47,22.74,241044.0,600036.XSHG,10600.0,招商银行
2017-06-09,13.122,9.15,344772.0,000001.XSHE,37680.0,平安银行
2017-06-09,17.47,22.91,242846.0,600036.XSHG,10600.0,招商银行
2017-06-12,13.122,9.11,343264.8,000001.XSHE,37680.0,平安银行
2017-06-12,17.47,22.84,242104.0,600036.XSHG,10600.0,招商银行
2017-06-13,13.122,9.12,343641.6,000001.XSHE,37680.0,平安银行
2017-06-13,17.47,22.49,238394.0,600036.XSHG,10600.0,招商银行
2017-06-14,13.122,9.08,342134.4,000001.XSHE,37680.0,平安银行
2017-06-14,16.73,21.3,225780.0,600036.XSHG,10600.0,招商银行
2017-06-15,13.122,9.04,340627.2,000001.XSHE,37680.0,平安银行
2017-06-15,16.73,20.93,221858.0,600036.XSHG,10600.0,招商银行
2017-06-16,13.122,9.02,339873.6,000001.XSHE,37680.0,平安银行
2017-06-16,16.73,20.81,220586.0,600036.XSHG,10600.0,招商银行
2017-06-19,13.122,9.13,344018.4,000001.XSHE,37680.0,平安银行
2017-06-19,16.73,21.16,224296.0,600036.XSHG,10600.0,招商银行
2017-06-20,13.122,9.12,343641.6,000001.XSHE,37680.0,平安银行
2017-06-20,16.73,21.08,223448.0,600036.XSHG,10600.0,招商银行
2017-06-21,13.122,9.15,344772.0,000001.XSHE,37680.0,平安银行
2017-06-21,16.73,21.31,225886.0,600036.XSHG,10600.0,招商银行
2017-06-22,13.122,9.25,348540.0,000001.XSHE,37680.0,平安银行
2017-06-22,16.73,22.73,240938.0,600036.XSHG,10600.0,招商银行
2017-06-23,13.122,9.25,348540.0,000001.XSHE,37680.0,平安银行
2017-06-23,16.73,23.03,244118.0,600036.XSHG,10600.0,招商银行
2017-06-26,13.122,9.3,350424.0,000001.XSHE,37680.0,平安银行
2017-06-26,16.73,23.04,244224.0,600036.XSHG,10600.0,招商银行
2017-06-27,13.122,9.36,352684.8,000001.XSHE,37680.0,平安银行
2017-06-27,16.73,24.36,258216.0,600036.XSHG,10600.0,招商银行
2017-06-28,13.122,9.43,355322.4,000001.XSHE,37680.0,平安银行
2017-06-28,16.73,23.8,252280.0,600036.XSHG,10600.0,招商银行
2017-06-29,13.122,9.43,355322.4,000001.XSHE,37680.0,平安银行
2017-06-29,16.73,24.15,255990.0,600036.XSHG,10600.0,招商银行
2017-06-30,13.122,9.39,353815.2,000001.XSHE,37680.0,平安银行
2017-06-30,16.73,23.91,253446.0,600036.XSHG,10600.0,招商银行
2017-07-03,13.122,9.4,354192.0,000001.XSHE,37680.0,平安银行
2017-07-03,16.73,23.52,249312.0,600036.XSHG,10600.0,招商银行
2017-07-04,13.122,9.34,351931.2,000001.XSHE,37680.0,平安银行
2017-07-04,16.73,23.0,243800.0,600036.XSHG,10600.0,招商银行
2017-07-05,13.122,9.37,353061.6,000001.XSHE,37680.0,平安银行
2017-07-05,16.73,23.9,253340.0,600036.XSHG,10600.0,招商银行
2017-07-06,13.122,9.4,354192.0,000001.XSHE,37680.0,平安银行
2017-07-06,16.73,23.96,253976.0,600036.XSHG,10600.0,招商银行
2017-07-07,13.122,9.47,356829.6,000001.XSHE,37680.0,平安银行
2017-07-07,16.73,23.26,246556.0,600036.XSHG,10600.0,招商银行
2017-07-10,13.122,9.59,361351.2,000001.XSHE,37680.0,平安银行
2017-07-10,16.73,23.26,246556.0,600036.XSHG,10600.0,招商银行
2017-07-11,13.122,10.25,386220.0,000001.XSHE,37680.0,平安银行
2017-07-11,16.73,24.08,255248.0,600036.XSHG,10600.0,招商银行
2017-07-12,13.122,10.34,389611.2,000001.XSHE,37680.0,平安银行
2017-07-12,16.73,24.34,258004.0,600036.XSHG,10600.0,招商银行
2017-07-13,13.122,10.9,410712.0,000001.XSHE,37680.0,平安银行
2017-07-13,16.73,24.9,263940.0,600036.XSHG,10600.0,招商银行
2017-07-14,13.122,10.9,410712.0,000001.XSHE,37680.0,平安银行
2017-07-14,16.73,25.18,266908.0,600036.XSHG,10600.0,招商银行
2017-07-17,13.122,10.81,407320.8,000001.XSHE,37680.0,平安银行
2017-07-17,16.73,25.11,266166.0,600036.XSHG,10600.0,招商银行
2017-07-18,13.122,11.05,416364.0,000001.XSHE,37680.0,平安银行
2017-07-18,16.73,24.52,259912.0,600036.XSHG,10600.0,招商银行
2017-07-19,13.122,11.09,417871.2,000001.XSHE,37680.0,平安银行
2017-07-19,16.73,25.22,267332.0,600036.XSHG,10600.0,招商银行
2017-07-20,13.122,10.97,413349.6,000001.XSHE,37680.0,平安银行
2017-07-20,16.73,25.2,267120.0,600036.XSHG,10600.0,招商银行
2017-07-21,12.965,10.89,410335.2,000001.XSHE,37680.0,平安银行
2017-07-21,16.73,24.74,262244.0,600036.XSHG,10600.0,招商银行
2017-07-24,12.965,10.95,412596.0,000001.XSHE,37680.0,平安银行
2017-07-24,16.73,25.71,272526.0,600036.XSHG,10600.0,招商银行
2017-07-25,12.965,11.0,414480.0,000001.XSHE,37680.0,平安银行
2017-07-25,16.73,25.53,270618.0,600036.XSHG,10600.0,招商银行
2017-07-26,12.965,10.74,404683.2,000001.XSHE,37680.0,平安银行
2017-07-26,16.73,25.46,269876.0,600036.XSHG,10600.0,招商银行
2017-07-27,12.965,10.59,399031.2,000001.XSHE,37680.0,平安银行
2017-07-27,16.73,25.9,274540.0,600036.XSHG,10600.0,招商银行
2017-07-28,12.965,10.74,404683.2,000001.XSHE,37680.0,平安银行
2017-07-28,16.73,25.78,273268.0,600036.XSHG,10600.0,招商银行
2017-07-31,12.965,10.67,402045.6,000001.XSHE,37680.0,平安银行
2017-07-31,16.73,25.57,271042.0,600036.XSHG,10600.0,招商银行
2017-08-01,12.965,11.04,415987.2,000001.XSHE,37680.0,平安银行
2017-08-01,16.73,26.14,277084.0,600036.XSHG,10600.0,招商银行
2017-08-02,12.965,11.15,420132.0,000001.XSHE,37680.0,平安银行
2017-08-02,16.73,26.62,282172.0,600036.XSHG,10600.0,招商银行
2017-08-03,12.965,11.01,414856.8,000001.XSHE,37680.0,平安银行
2017-08-03,16.73,25.89,274434.0,600036.XSHG,10600.0,招商银行
2017-08-04,12.965,11.17,420885.6,000001.XSHE,37680.0,平安银行
2017-08-04,16.73,25.52,270512.0,600036.XSHG,10600.0,招商银行
2017-08-07,12.965,11.0,414480.0,000001.XSHE,37680.0,平安银行
2017-08-07,16.73,25.98,275388.0,600036.XSHG,10600.0,招商银行
2017-08-08,12.965,11.05,416364.0,000001.XSHE,37680.0,平安银行
2017-08-08,16.73,25.85,274010.0,600036.XSHG,10600.0,招商银行
2017-08-09,12.965,10.73,404306.4,000001.XSHE,37680.0,平安银行
2017-08-09,16.73,25.54,270724.0,600036.XSHG,10600.0,招商银行
2017-08-10,12.965,10.62,400161.6,000001.XSHE,37680.0,平安银行
2017-08-10,16.73,25.14,266484.0,600036.XSHG,10600.0,招商银行
2017-08-11,12.965,10.02,377553.6,000001.XSHE,37680.0,平安银行
2017-08-11,16.73,24.49,259594.0,600036.XSHG,10600.0,招商银行
2017-08-14,12.965,10.22,385089.6,000001.XSHE,37680.0,平安银行
2017-08-14,16.73,24.8,262880.0,600036.XSHG,10600.0,招商银行
2017-08-15,12.965,10.31,388480.8,000001.XSHE,37680.0,平安银行
2017-08-15,16.73,25.53,270618.0,600036.XSHG,10600.0,招商银行
2017-08-16,12.965,10.34,389611.2,000001.XSHE,37680.0,平安银行
2017-08-16,16.73,25.17,266802.0,600036.XSHG,10600.0,招商银行
2017-08-17,12.965,10.42,392625.6,000001.XSHE,37680.0,平安银行
2017-08-17,16.73,25.06,265636.0,600036.XSHG,10600.0,招商银行
2017-08-18,12.965,10.44,393379.2,000001.XSHE,37680.0,平安银行
2017-08-18,16.73,25.42,269452.0,600036.XSHG,10600.0,招商银行
2017-08-21,12.965,10.46,394132.8,000001.XSHE,37680.0,平安银行
2017-08-21,16.73,25.3,268180.0,600036.XSHG,10600.0,招商银行
2017-08-22,12.965,10.65,401292.0,000001.XSHE,37680.0,平安银行
2017-08-22,16.73,25.89,274434.0,600036.XSHG,10600.0,招商银行
2017-08-23,12.965,10.9,410712.0,000001.XSHE,37680.0,平安银行
2017-08-23,16.73,26.52,281112.0,600036.XSHG,10600.0,招商银行
2017-08-24,12.965,10.93,411842.4,000001.XSHE,37680.0,平安银行
2017-08-24,16.73,26.69,282914.0,600036.XSHG,10600.0,招商银行
2017-08-25,12.965,11.11,418624.8,000001.XSHE,37680.0,平安银行
2017-08-25,16.73,27.53,291818.0,600036.XSHG,10600.0,招商银行
2017-08-28,12.965,11.35,427668.0,000001.XSHE,37680.0,平安银行
2017-08-28,16.73,27.24,288744.0,600036.XSHG,10600.0,招商银行
2017-08-29,12.965,11.67,439725.6,000001.XSHE,37680.0,平安银行
2017-08-29,16.73,27.14,287684.0,600036.XSHG,10600.0,招商银行
2017-08-30,12.965,11.43,430682.4,000001.XSHE,37680.0,平安银行
2017-08-30,16.73,27.16,287896.0,600036.XSHG,10600.0,招商银行
2017-08-31,12.965,11.28,425030.4,000001.XSHE,37680.0,平安银行
2017-08-31,16.73,26.75,283550.0,600036.XSHG,10600.0,招商银行
2017-09-01,12.965,11.21,422392.8,000001.XSHE,37680.0,平安银行
2017-09-01,16.73,26.76,283656.0,600036.XSHG,10600.0,招商银行
2017-09-04,12.965,11.72,441609.6,000001.XSHE,37680.0,平安银行
2017-09-04,16.73,26.96,285776.0,600036.XSHG,10600.0,招商银行
2017-09-05,12.965,11.64,438595.2,000001.XSHE,37680.0,平安银行
2017-09-05,16.73,27.34,289804.0,600036.XSHG,10600.0,招商银行
2017-09-06,12.965,11.7,440856.0,000001.XSHE,37680.0,平安银行
2017-09-06,16.73,26.88,284928.0,600036.XSHG,10600.0,招商银行
2017-09-07,12.965,11.44,431059.2,000001.XSHE,37680.0,平安银行
2017-09-07,16.73,26.35,279310.0,600036.XSHG,10600.0,招商银行
2017-09-08,12.965,11.49,432943.2,000001.XSHE,37680.0,平安银行
2017-09-08,16.73,26.38,279628.0,600036.XSHG,10600.0,招商银行
2017-09-11,12.965,11.38,428798.4,000001.XSHE,37680.0,平安银行
2017-09-11,16.73,26.18,277508.0,600036.XSHG,10600.0,招商银行
2017-09-12,12.965,11.54,434827.2,000001.XSHE,37680.0,平安银行
2017-09-12,16.73,26.44,280264.0,600036.XSHG,10600.0,招商银行
2017-09-13,12.965,11.43,430682.4,000001.XSHE,37680.0,平安银行
2017-09-13,16.73,26.17,277402.0,600036.XSHG,10600.0,招商银行
2017-09-14,12.965,11.32,426537.6,000001.XSHE,37680.0,平安银行
2017-09-14,16.73,25.86,274116.0,600036.XSHG,10600.0,招商银行
2017-09-15,12.965,11.29,425407.2,000001.XSHE,37680.0,平安银行
2017-09-15,16.73,25.97,275282.0,600036.XSHG,10600.0,招商银行
2017-09-18,12.965,11.25,423900.0,000001.XSHE,37680.0,平安银行
2017-09-18,16.73,25.76,273056.0,600036.XSHG,10600.0,招商银行
2017-09-19,12.965,11.13,419378.4,000001.XSHE,37680.0,平安银行
2017-09-19,16.73,26.17,277402.0,600036.XSHG,10600.0,招商银行
2017-09-20,12.965,11.29,425407.2,000001.XSHE,37680.0,平安银行
2017-09-20,16.73,25.89,274434.0,600036.XSHG,10600.0,招商银行
2017-09-21,12.965,11.46,431812.8,000001.XSHE,37680.0,平安银行
2017-09-21,16.73,26.06,276236.0,600036.XSHG,10600.0,招商银行
2017-09-22,12.965,11.44,431059.2,000001.XSHE,37680.0,平安银行
2017-09-22,16.73,25.95,275070.0,600036.XSHG,10600.0,招商银行
2017-09-25,12.965,11.29,425407.2,000001.XSHE,37680.0,平安银行
2017-09-25,16.73,25.81,273586.0,600036.XSHG,10600.0,招商银行
2017-09-26,12.965,11.05,416364.0,000001.XSHE,37680.0,平安银行
2017-09-26,16.73,25.71,272526.0,600036.XSHG,10600.0,招商银行
2017-09-27,12.965,10.93,411842.4,000001.XSHE,37680.0,平安银行
2017-09-27,16.73,25.4,269240.0,600036.XSHG,10600.0,招商银行
2017-09-28,12.965,10.88,409958.4,000001.XSHE,37680.0,平安银行
2017-09-28,16.73,25.2,267120.0,600036.XSHG,10600.0,招商银行
2017-09-29,12.965,11.11,418624.8,000001.XSHE,37680.0,平安银行
2017-09-29,16.73,25.55,270830.0,600036.XSHG,10600.0,招商银行
2017-10-09,12.965,11.3,425784.0,000001.XSHE,37680.0,平安银行
2017-10-09,16.73,26.08,276448.0,600036.XSHG,10600.0,招商银行
2017-10-10,12.965,11.47,432189.6,000001.XSHE,37680.0,平安银行
2017-10-10,16.73,26.12,276872.0,600036.XSHG,10600.0,招商银行
2017-10-11,12.965,11.53,434450.4,000001.XSHE,37680.0,平安银行
2017-10-11,16.73,26.04,276024.0,600036.XSHG,10600.0,招商银行
2017-10-12,12.965,11.55,435204.0,000001.XSHE,37680.0,平安银行
2017-10-12,16.73,26.37,279522.0,600036.XSHG,10600.0,招商银行
2017-10-13,12.965,11.36,428044.8,000001.XSHE,37680.0,平安银行
2017-10-13,16.73,26.2,277720.0,600036.XSHG,10600.0,招商银行
2017-10-16,12.965,11.59,436711.2,000001.XSHE,37680.0,平安银行
2017-10-16,16.73,26.87,284822.0,600036.XSHG,10600.0,招商银行
2017-10-17,12.965,11.51,433696.8,000001.XSHE,37680.0,平安银行
2017-10-17,16.73,27.03,286518.0,600036.XSHG,10600.0,招商银行
2017-10-18,12.965,11.69,440479.2,000001.XSHE,37680.0,平安银行
2017-10-18,16.73,27.11,287366.0,600036.XSHG,10600.0,招商银行
2017-10-19,12.965,11.63,438218.4,000001.XSHE,37680.0,平安银行
2017-10-19,16.73,27.1,287260.0,600036.XSHG,10600.0,招商银行
2017-10-20,12.965,11.48,432566.4,000001.XSHE,37680.0,平安银行
2017-10-20,16.73,26.77,283762.0,600036.XSHG,10600.0,招商银行
2017-10-23,12.965,11.19,421639.2,000001.XSHE,37680.0,平安银行
2017-10-23,16.73,26.5,280900.0,600036.XSHG,10600.0,招商银行
2017-10-24,12.965,11.39,429175.2,000001.XSHE,37680.0,平安银行
2017-10-24,16.73,26.62,282172.0,600036.XSHG,10600.0,招商银行
2017-10-25,12.965,11.27,424653.6,000001.XSHE,37680.0,平安银行
2017-10-25,16.73,26.8,284080.0,600036.XSHG,10600.0,招商银行
2017-10-26,12.965,11.18,421262.4,000001.XSHE,37680.0,平安银行
2017-10-26,16.73,26.55,281430.0,600036.XSHG,10600.0,招商银行
2017-10-27,12.965,11.56,435580.8,000001.XSHE,37680.0,平安银行
2017-10-27,16.73,28.1,297860.0,600036.XSHG,10600.0,招商银行
2017-10-30,12.965,11.56,435580.8,000001.XSHE,37680.0,平安银行
2017-10-30,16.73,27.79,294574.0,600036.XSHG,10600.0,招商银行
2017-10-31,12.965,11.54,434827.2,000001.XSHE,37680.0,平安银行
2017-10-31,16.73,27.1,287260.0,600036.XSHG,10600.0,招商银行
2017-11-01,12.965,11.4,429552.0,000001.XSHE,37680.0,平安银行
2017-11-01,16.73,26.9,285140.0,600036.XSHG,10600.0,招商银行
2017-11-02,12.965,11.54,434827.2,000001.XSHE,37680.0,平安银行
2017-11-02,16.73,27.01,286306.0,600036.XSHG,10600.0,招商银行
2017-11-03,12.965,11.39,429175.2,000001.XSHE,37680.0,平安银行
2017-11-03,16.73,27.06,286836.0,600036.XSHG,10600.0,招商银行
2017-11-06,12.965,11.28,425030.4,000001.XSHE,37680.0,平安银行
2017-11-06,16.73,26.61,282066.0,600036.XSHG,10600.0,招商银行
2017-11-07,12.965,11.92,449145.6,000001.XSHE,37680.0,平安银行
2017-11-07,16.73,27.03,286518.0,600036.XSHG,10600.0,招商银行
2017-11-08,12.965,12.13,457058.4,000001.XSHE,37680.0,平安银行
2017-11-08,16.73,27.09,287154.0,600036.XSHG,10600.0,招商银行
2017-11-09,12.965,12.33,464594.4,000001.XSHE,37680.0,平安银行
2017-11-09,16.73,27.07,286942.0,600036.XSHG,10600.0,招商银行
2017-11-10,12.965,12.3,463464.0,000001.XSHE,37680.0,平安银行
2017-11-10,16.73,27.07,286942.0,600036.XSHG,10600.0,招商银行
2017-11-13,12.965,12.9,486072.0,000001.XSHE,37680.0,平安银行
2017-11-13,16.73,27.67,293302.0,600036.XSHG,10600.0,招商银行
2017-11-14,12.965,12.95,487956.0,000001.XSHE,37680.0,平安银行
2017-11-14,16.73,28.02,297012.0,600036.XSHG,10600.0,招商银行
2017-11-15,12.965,12.9,486072.0,000001.XSHE,37680.0,平安银行
2017-11-15,16.73,27.88,295528.0,600036.XSHG,10600.0,招商银行
2017-11-16,12.965,13.1,493608.0,000001.XSHE,37680.0,平安银行
2017-11-16,16.73,28.1,297860.0,600036.XSHG,10600.0,招商银行
2017-11-17,12.965,13.18,496622.4,000001.XSHE,37680.0,平安银行
2017-11-17,16.73,29.38,311428.0,600036.XSHG,10600.0,招商银行
2017-11-20,12.965,14.25,536940.0,000001.XSHE,37680.0,平安银行
2017-11-20,16.73,30.53,323618.0,600036.XSHG,10600.0,招商银行
2017-11-21,12.965,14.45,544476.0,000001.XSHE,37680.0,平安银行
2017-11-21,16.73,30.36,321816.0,600036.XSHG,10600.0,招商银行
2017-11-22,12.965,15.1,568968.0,000001.XSHE,37680.0,平安银行
2017-11-22,16.73,30.9,327540.0,600036.XSHG,10600.0,招商银行
2017-11-23,12.965,14.35,540708.0,000001.XSHE,37680.0,平安银行
2017-11-23,16.73,30.0,318000.0,600036.XSHG,10600.0,招商银行
2017-11-24,12.965,14.56,548620.8,000001.XSHE,37680.0,平安银行
2017-11-24,16.73,30.09,318954.0,600036.XSHG,10600.0,招商银行
2017-11-27,12.965,13.93,524882.4,000001.XSHE,37680.0,平安银行
2017-11-27,16.73,29.88,316728.0,600036.XSHG,10600.0,招商银行
